page_001_01.jpg,PHẦN THỨ NHẤẦT
page_001_02.jpg,ĐỨA BÉ MẤT TÍCH
page_001_03.jpg,Năm ấy tôi mười hai tuôi. Tôi ở thi trấn Rêu với
page_001_04.jpg,"mẹ lôi. Thị trấn này gồm xvài ba dấy phố cũ, toàn"
page_001_05.jpg,"những ngôi nhà lợp ngói tao hiên rộng, cột gỗ đen bóng,"
page_001_06.jpg,"cảnh cửa chạm cầu kỳ, vườn bao quanh trông nhiềs"
page_001_07.jpg,thứ cây ăn qua và những bức tường phân cách thấp lễ
page_001_08.jpg,"tả, rêu loang từng đám. Bền kia, đường xe lữa, cóỏ"
page_001_09.jpg,"thêôm một dây phÕ mới, gÓm những ngôi nhà cất trên"
page_001_10.jpg,rẻo đất hoang và nên gạch vỡ tiêu thồ kháng chiến
page_001_11.jpg,"chống Pháp. Nhà ở đây thường hai tăng, lớn nhỏ l"
page_001_12.jpg,"nhô, bao lơn cỏ song sắt hoa đữ hi"
page_001_13.jpg,"phần lớn là thương phân, Cửa hàng của họ bản đủ thứ"
page_001_14.jpg,"vải sồi, mắm muối, gạao bột, tập hóa kháo,.. Sát đường"
page_001_15.jpg,"ray, ở giữa khu phố cũ và đãy phố mới, có một khoăng"
page_001_16.jpg,đất trống. Chợ họp ở đó. Trước cửa chợ trồng cây cột
page_001_17.jpg,"gỗ treo một dãi lạa hồng. Hàng năm, trước ngày Tết"
page_001_18.jpg,"ổng Tảo, người coi chợ gỡ mảnh lụa đã Đợt máu vì"
page_001_19.jpg,"muưa qua giỏ lại, thay vào đó một dải lụa mới tĩnh khôi"
page_001_20.jpg,màu hồng thắm. Dân cư trong thị trấn nhìn về phia
page_001_21.jpg,"chợ, lòng hoan hỉ vì thấy dấu hiệu phÖồn vxinh: của"
page_001_22.jpg,
page_002_01.jpg,"Ga xe lửa ở ngay gần chợ, Ngày ngày, những chu yến"
page_002_02.jpg,tàu xuôi ngược lướt qua đắm dân ồn ào mnua bán.
page_002_03.jpg,Người trên t'àu thò cỗ ra cửa nhìn xuống chợ. Và dân
page_002_04.jpg,trong chợ nghếch mắt nhìn con răắn kỷỳ dị bằng sắt
page_002_05.jpg,"trườn đi trên đường ray, vửa đí vừa thở phì phò, tuôn"
page_002_06.jpg,"về phía sau những luồng hơi trắng như muối,"
page_002_07.jpg,Phía trên thị trấn chừng nửa cây số có một dòng
page_002_08.jpg,"sSÔng nhỏ, Chúng tôi gọi nó là dòng sông Xanh, vì nước"
page_002_09.jpg,sÔng xanh như thể pha màu lá nốn. Thuyền qua lại
page_002_10.jpg,"luôn luôn, buôm giương lên như cánh bướm. Đôi khi,"
page_002_11.jpg,"gió lặng, người chủ thuyền phải nhảây xuống lội bộ,"
page_002_12.jpg,kéo bằng dây chão tròng qua vai. Những đứa con nhỏ
page_002_13.jpg,"Ở khoang giương mắt thao láo nhìn, Và bất chợt, người"
page_002_14.jpg,"kéo thuyền cất lên giọng hát trầm trầm, có nhiều chỗ"
page_002_15.jpg,láy. Dòng sống Xanh ấy có hai gò đất lớn; chúng tôi
page_002_16.jpg,gọi là đảo Hoa Vàng vì chúng mọc đầy cây duối. Quả
page_002_17.jpg,"đuối chín vàng như kén tằm rắc kín các lùm cây, trông"
page_002_18.jpg,
page_002_19.jpg,Vàng là nơi cất giấu kho tàng bí mật của chúng tôi.
page_002_20.jpg,"Trên đảo có miếu thờ Ngũ hồ, tuy đã sụt lở nhưng"
page_002_21.jpg,xẫn đủ che cho một người ngủ qua đêm. Những ngày
page_002_22.jpg,"dđân tron : thị trấn ra đảo củng Ngũ hồ, mùi hương"
page_002_23.jpg,thơm lan khắp mặắt sông. Tưởng như những cây duỐi
page_002_24.jpg,xàng rực rỡ lkia tỏa hương chứ không phải rhững bát
page_002_25.jpg,"nhang trong ngôi miếu thờ nhỏ cũ kỹ,"
page_002_26.jpg,"Dạo đó là mùa xuân, Bánh Tết đã hết, nhưng bánh"
page_002_27.jpg,gói răm tháng giêng còn xếp đầy trong những chiếc
page_002_28.jpg,"thúng con ở bếp mọi nhà, Chợ phÓ họp thật độông. Vào"
page_002_29.jpg,"¡p này, những người bản kẹo rong chuyên thôi con"
page_002_30.jpg,tò te bằng đường cô đặc hoặc nắn con 'giống bằng bột
page_002_31.jpg,nếp nhuộm phẩm đều tới chợ đề kiếm cách moi tiền
page_002_32.jpg,"trong túi đám khách đi hội, lễ chùa ghé qua thị trấn."
page_002_33.jpg,"Cũng dịp ấy, gánh xiếc rong quen thuộc với lũ trẻ trong"
page_002_34.jpg,thị trấn lại đến cửa chợ. Một cỗ xe ngựa mui khum
page_003_01.jpg,đứng rgay trên bãi đất trống. Con ngtra giả lông hung
page_003_02.jpg,vục mốm vào gió vừa nhai có vừa rùng mình đuổôi
page_003_03.jpg,nhặng. Đám lông nơi khuỷu chân trắng phếch bụi đường.
page_003_04.jpg,"Gần đó, khoảng đất lầm bụi cát đã được khoanh lại"
page_003_05.jpg,"bởi những sợi thừng chăng qua bốn cây cọc, Chủ gánh"
page_003_06.jpg,"xiếc, mộti người đàản ông thấp lùn, nhỏ bế, cái đầu"
page_003_07.jpg,"phinh ra một cách dị thường, da đen xạm, mắất long"
page_003_08.jpg,"lanh đang biên diễn trò nuốt lửa, xiên lình, nhão lộn"
page_003_09.jpg,"trên đây. Sau đó, ỏng ta tự bịt mắt bằng một tấm vãi"
page_003_10.jpg,đen rồi phỏng dao lên tấm bảng gỗ. Những con đao
page_003_11.jpg,nhọn cấắm phẩm phập trên tấm gỗ mềm. Đứng áp lưng
page_003_12.jpg,"vào tấm bảng, vợ người chủ gánh xiếc dang hai tay,"
page_003_13.jpg,ngàằng cao đầu với về gan góc và hùng dững hiếm có.
page_003_14.jpg,"Đen trũi, dữ tợn, to béo như hộ pháp, người đàn bà"
page_003_15.jpg,đó khiến chúng tôi vừửa kính nê vừa khiếp sợ. Bà ta
page_003_16.jpg,giương mắt nhìn những ánh thép đang loang láng lao
page_003_17.jpg,"tới một cách bình thân, trong khi chúng tôi thết lên"
page_003_18.jpg,"vì hoàng sợ, tím nhẫây trong löng ngực thình thình."
page_003_19.jpg,"Hết tLrò ném dao, người đàn ỏng gỡ màãnh vải chàođám"
page_003_20.jpg,đông với vẻ khiêm nhường. Đoạn ông ta quay lại phia
page_003_21.jpg,"sau, giơ tay vây. Khi bàn tay ông hạ xuống, hai cơn"
page_003_22.jpg,"khỉ đèo nhau băng xe đạp tiễn ra, C hai con đều mặắc"
page_003_23.jpg,"quần đùi đỏ viền đen, áo may ô vàng và đội mũ cát-"
page_003_24.jpg,"két đen, Gon trước lảiy con sau đứng vin vào vai bạn,"
page_003_25.jpg,"Hết một đợt chừng mười vòng, con khi đứng sau nhảây"
page_003_26.jpg,"xuỐng xe, giật Ỗmũ chào người xem và xin tiền. Con"
page_003_27.jpg,"kia ngồi trên xe, gác chân lên ghicđông vềnh vío, Khi"
page_003_28.jpg,"mũ đã đây tiền giấy và xu, con khi chạy lại đưa cho"
page_003_29.jpg,"chủ gánh xiếc. Ông ta cất tiền vào túi bên trái, móc túi"
page_003_30.jpg,bên phải ra một nắăm hạt dẻ hoặc vải trái chuối chín
page_003_31.jpg,"thưởng cho hai con vật. Rồi ông ta củi thấp mái đầnu,"
page_003_32.jpg,"cẩm tạ người xem xvà lui lại phia sau, chuẩn bị đợt"
page_003_33.jpg,"điễn tiếp,"
page_004_01.jpg,"Ngày thứ hai tới thị trấẤn, gắnh xiếc đã diễu năm lần"
page_004_02.jpg,mà người xem vẫn còn đông. Trong đám khán giá xúm
page_004_03.jpg,xit hên ngoài vòng dảy bỗng xuất hiện mộit người đàn
page_004_04.jpg,"Dân thị trấn, đản các làng phụ cận, khách"
page_004_05.jpg,"Xâng lai xem hội và lễ chùa, không ai lạ lùng như vậy:"
page_004_06.jpg,Người mới tời bán quần áo đen giống y phục của người
page_004_07.jpg,"Nùng. Áo vạt đài, khuy tết, quần ống rộng. Dên hông"
page_004_08.jpg,đẹo chiếc túi vải như mấy ông già Tàu bán thuốc bắc
page_004_09.jpg,"Xà cao hộỗ ngày phiên chợ, Mũ đội đều băng da bò cáu"
page_004_10.jpg,"bần. Bộ mặắt đài, nhiều vết rỗ ở chân lông. Đôi tay to"
page_004_11.jpg,"lờn, ửng đỏ, chắc hẳn là rất cửng răn, đặt lên vành"
page_004_12.jpg,%ũ che nắng một cách vụng về. Cặp mắt sảng quắc ân
page_004_13.jpg,đưới hai hàng mày rậm đen như than. Người đàn ông
page_004_14.jpg,"lạ đứng ở vòng ngoài cùng, sau lưng những người"
page_004_15.jpg,"khác, 1t ai chủ ý tới ông ta vì mài xem đôi khi đang"
page_004_16.jpg,"trêu cợt, cắn nhau chí chóe. Người lạ khỏông xem xiếc."
page_004_17.jpg,Đòi mắt sáng quắc của ông ta sục sạo khắp đám trẻ thị
page_004_18.jpg,trấn đang chen chúc nhau đứng sát vòng dây thửng:
page_004_19.jpg,"Khoảẳng cô hở ngoài áo đỏ rực, cục yết hầu nhảy lên"
page_004_20.jpg,"tụt xuống như trái nhót, Người khách lạ chắăm chú nhìn"
page_004_21.jpg,"hồi làu, rồi tự dưng biến mất,"
page_004_22.jpg,"Chiều tối, vợ chồng người làm xiếc nhồ cọc, cuốn"
page_004_23.jpg,"thừng, gấp vài phòng và thudon đồ vặt cho lên xe. Họ"
page_004_24.jpg,nhốt haI cơn khi vào chuống. Tồi con ngựưa được tròng
page_004_25.jpg,vào ách. Giỏ cỏ gáo phía sau giản khung. Chiếc xe lên
page_004_26.jpg,"đưỡng. Lũ chúng tôi chạy theo xe, sục vào đảm bụinông"
page_004_27.jpg,mùi mở hôi ngựa. Tời khi chiếc xe đã khuất hẫn sau
page_004_28.jpg,"khúc đường vòng, tôi mởi quay về. Phố đã lên đèn:"
page_004_29.jpg,"'Trước cửa đồn công :¬ thị trấn, một đám đông đúng"
page_004_30.jpg,"lô phô, Tôi nghe tiếng sì xào, Ồn ã:"
page_004_31.jpg,"'Thằng bé mãt tích r-'1.,„ Khốn khô,.."
page_004_32.jpg,— Saø? Đứa nào mất ticl:?
page_004_33.jpg,
page_005_01.jpg,— Con lão cai Gá
page_005_02.jpg,— Đứa nào?
page_005_03.jpg,"# bá nhất, tôi cũng chẳng biết tên,"
page_005_04.jpg,"— À, thằẳng Dũng còm. Thằng bé loẻo khoẻo, đen thủi"
page_005_05.jpg,đen thui chứ gì ?
page_005_06.jpg,
page_005_07.jpg,— Thăằng ấy là đứa ngoan nhất trong đảm con nhà
page_005_08.jpg,"cai Cân. Mất thẳng bé thì bố nỏ điên lên mất,"
page_005_09.jpg,—ỮỜ... nhưng cũng chưa chắc. Gai Gân chỉ điện lên
page_005_10.jpg,khi mất tiền thôi.
page_005_11.jpg,"— Trời ơi, bà này độc nmệng quả."
page_005_12.jpg,"— À,đề rÖi mà xem:."
page_005_13.jpg,"Trên thềm, một trung ủy cảnh sát bước ra"
page_005_14.jpg,- Mời bà cơn về. Tình hình ra sao chúng tôi sẽ thông
page_005_15.jpg,
page_005_16.jpg,"Nhưng đám người xem vẫn đứng tắm tụum, thì thầăm"
page_005_17.jpg,bàn tán. Họ muốn xem mặt cai Oân. Họ vốn không mấy
page_005_18.jpg,cảm tình với ông ta nhưng tỏ mỏ muốn biết thị
page_005_19.jpg,của ông ta trong hoàn cảnh đau khô này. Người nào
page_005_20.jpg,"cũng chuẩn bị sẵn một lời an ủi. Nhưng kia, cai Cân"
page_005_21.jpg,đã từ căn phòng lớn của đồn cõng an bước ra.M;
page_005_22.jpg,"ta lạnh như tiền. Hai gò má nhằn, râu cạo trơn Iru,"
page_005_23.jpg,"vằŠng trán bóng như xoa mỡ, cặp mặãi nhìn bình thẫn,"
page_005_24.jpg,"ông bố đứa bé mất tích bước xuống thềm, g1ơ một cánh"
page_005_25.jpg,tay lên:
page_005_26.jpg,— Các ông các bà tốt phúc sinh con ngoam T
page_005_27.jpg,phúc đẻ ra đứa chẳng ra gì. Nó bỏ nhà trốn điiều lông:
page_005_28.jpg,
page_005_29.jpg,"Dân thi trấn chưa kĩp nói một lời chia buồn, eal] Cần"
page_005_30.jpg,đã vùn vụt đí về. Bóng ông ta khuất dưới bóng đấy bàng
page_005_31.jpg,cô thụ. Không ai nhìn thấy ông ta đang nhếch rmép
page_005_32.jpg,"cười. Một nụ cười bí hiểm, khinh mạn và tàn ác,"
page_006_01.jpg,CHUYẾN ĐI BẮT BUỘC
page_006_02.jpg,"Dổng còm bì mất tích, không biều vì lý dđo gì, Dân"
page_006_03.jpg,thị trấn đoán rằng nó không muốn ở với ông bố keo
page_006_04.jpg,kiệt và độc ác nên bỏ đi theo gánh xiếc. Dãng cớ là
page_006_05.jpg,"đứa bé biến mất cùng chiếc xe mui khum cũ kỹ kia,"
page_006_06.jpg,Hẫn là người chủ gánh xiếc đã giấu nó trong cái thùng
page_006_07.jpg,Xe opep được che băng tấm vải sơn loang lỗ những hình
page_006_08.jpg,xẽ. Bà vợ to béo của ông ta đủ sức giấu hai đứa bé
page_006_09.jpg,sau lưng.. Cũng có người đoán Dũng còm bị mẹ mìn
page_006_10.jpg,bắt đem bán. Điều này được các bà mẹ chúng tôi tin
page_006_11.jpg,"ngay, Và ngày nào cũng vậy, các bà mẹ răn đe lũ"
page_006_12.jpg,"Chúng tôi rằng : mẹ mìn không chỉ bắt trẻ con, lớn hơn"
page_006_13.jpg,chúng mày nó cũng bắt được. Nó cho ngửi thuốc mê
page_006_14.jpg,"rồi dân lên núi. Gon gáải mười ba tuôi, đem bán cho"
page_006_15.jpg,người Mèo làm vợ. Gon trai mười ba tuồi bắt mang
page_006_16.jpg,thuốc phiện lậu sang bên Tàu... Kèm theo lời đọa dâm
page_006_17.jpg,"đỏ là một chế độ kiềm soát gắt gao, Thậm chí, có bà"
page_006_18.jpg,Tmua cả xích chó về xích con vào cột nhà. Ba tuần lễ
page_006_19.jpg,"tiền, tối không được đi chơi đâu, ngoài buồi họoc. Kề"
page_006_20.jpg,"ra điều đó cũng có thể chịu được, nếu những cơn mưa"
page_006_21.jpg,"đầu xuâu không rơi xuống. Ô, các bạn cỏ nhớ những"
page_006_22.jpg,cơn mưa này không nhỉ? Chúng đẹp như không phải
page_006_23.jpg,Tnữưa mà như bạc ròng tuôn chạy. Phố xả lấp lãnh những.
page_006_24.jpg,"sợi tơ dài, reo lanh tanh và nhảây nhót trong ảnh mặt"
page_006_25.jpg,trời chiếu rọi. Mưa thật đẹp nhưng lòng chúng tôi đầy
page_006_26.jpg,"lo phiền. Bạn biết đấy, gia tài riêng của tôi và Loan"
page_006_27.jpg,"hạt mÍt chôn ở đảo Hoa Vàng giữa dòng sông Xanh,"
page_006_28.jpg,Dưới gó đất giữa đảo « cách cây duối còng một thước có
page_006_29.jpg,"một chiếc thùng nhôm. Trong thùng, tôi và ILoan cất chiếc"
page_006_30.jpg,"hộp đựưng bánh quy. Trong hộp, một tập tiền mừng tuôi,"
page_006_31.jpg,"Toàn nhítng tờ giấy bạc mới cửng, cọ lên mặt còn kêu"
page_006_32.jpg,sột soạt. Tờ nào tờ nấy mát rượi và bốc mùi thơm
page_006_33.jpg,"phức. Ngoài xấp tiền giấy, còn mộtđồng tiền hào, Hào"
page_006_34.jpg,
page_007_01.jpg,"nào cũng sáng trắng như bạc, chưa hề bị sây sát hoặc"
page_007_02.jpg,hoen ố một ly.“Chiếc hộp đựng bảnh quy đó là nửa
page_007_03.jpg,phần kho tàng của hai đứa tôi. Nửa phần kia gồm có
page_007_04.jpg,một pho tượng vũ nữ bằng bạc đúc của bà ngoại Loan
page_007_05.jpg,"lật mít cho, một xấp vài vụn các màu có thê may hàng"
page_007_06.jpg,"chục bộ váy áo cho búp-bê, một gói lớn hạt dưa hấu"
page_007_07.jpg,phơi khô. Những thứ này chúng tôi mới gói tạm bằng
page_007_08.jpg,"lượt giãy dâu, địỉnh sẽ kiếm tấm vảài đi mưa bọc thêm"
page_007_09.jpg,"cho khỏi thấm hơi đất. Chưa kịp làm, thì"
page_007_10.jpg,
page_007_11.jpg,trói chân ở nhà như những con chuột bạch bị
page_007_12.jpg,"nhốt trong lồng. Trời mưa thế này, vải có thể bị âm"
page_007_13.jpg,mục: hạt dưa sẽ thối. Chưa kề tới hơn ba trăm củ
page_007_14.jpg,"khoai nghệ vùi bên cạnh gò, sẽ lần lượt này mẩâm và"
page_007_15.jpg,
page_007_16.jpg,"Buồi chiều, tôi đã học hết những bài hợc cho cä tuần,"
page_007_17.jpg,"làm hết lô bài tập toán, lý. Tôi ngồi nhìn hai cáảnh cửa"
page_007_18.jpg,"đóng i¡m im. Bên ngoài, mẹ tôi đã khóa bằng một ð"
page_007_19.jpg,"khóa đồng to tướng. Qua khung cửa sốỗ, khoảáng trời"
page_007_20.jpg,"xanh chan hòa ánh nắng hiện lên. Cành ồðĩ đu đưa,"
page_007_21.jpg,mấy quả ồði trái mùa chín trăng ngà. ILũữ chim liếu điếu
page_007_22.jpg,ửa nhảy vửa hót như trêu chọc đửa bé bị giam lỏng
page_007_23.jpg,trong nhà. Tỏi định ném cho chúng một hòn sỏi nhưng
page_007_24.jpg,"nghĩ thương tình nên lại thỏi. Đúng lúc đó, gương mặt"
page_007_25.jpg,bầu bĩnh của Loan hiện lên ngoài cửa sốô:
page_007_26.jpg,— Bê.
page_007_27.jpg,"Loan gọi tôi, miệng cười tươi tắn."
page_007_28.jpg,"— Loan, sao đẳng ấy đến đây được ?"
page_007_29.jpg,Tôi mừng rỡ lao tới khung cửa sồ. Hai gương mặt
page_007_30.jpg,chúng tỏi áp vào nhau. ILoan trả lời
page_007_31.jpg,— Tớ nhận đi xếp hàng mua thịt phiếu là được bay
page_007_32.jpg,khỏi mnhà ngay.
page_007_33.jpg,
page_008_01.jpg,"Nói xong, Loan chìa tay cho tôi xem chiếc rồ con"
page_008_02.jpg,"đựng thịt lợn với đửa củi và rau e3i, Còi thở dài"
page_008_03.jpg,"— Mưa to quá, kho ltàng ngoài đảo nguy mất."
page_008_04.jpg,
page_008_05.jpg,— Tớ cũng lọ ngay ngáy. Vải nhựa xin được rồi mà
page_008_06.jpg,không có cách nào chuồn được.. Nhưng tõi nay tụi
page_008_07.jpg,mình sẽ bay.
page_008_08.jpg,
page_008_09.jpg,— Sao cơ?
page_008_10.jpg,Loan thì thầm:
page_008_11.jpg,"— Tối nay câu lạc bộ thanh niên có biểu

văn"
page_008_12.jpg,"nghệ, Hai đứa mình xin phép đi xem rồi trốn ra sông"
page_008_13.jpg,lấy thuyền bà An Lạc bơi ra đảo. Tuyệt chưa?
page_008_14.jpg,
page_008_15.jpg,— Nhưng ai lại đi nói dõi mẹ...
page_008_16.jpg,"Xưa nay, tôi chưa hề nói dối mẹ lần nào. Bố tôi ở"
page_008_17.jpg,một đồn biên phòng xa tit tấp nơi phươnz
page_008_18.jpg,năm bố mới về phép một lần. Nhà chỉ có hai mẹ con.
page_008_19.jpg,"Vì thế, mẹ tôi là tất cảa quyền uy, Uình thương mêền,"
page_008_20.jpg,"ngềm an ủi và hy vọng, Mẹ tôi vấn dạy tôi đối trá là"
page_008_21.jpg,tật xẫãu nhất trên đời... Không lề bây giờ tôi lại nói dồi
page_008_22.jpg,"mẹ? Nbưng nếu nói thật, mẹ chắăng bao giờ cho tôi di"
page_008_23.jpg,"yà kho tàng trên đảo sẽ tiêu ma.., Lạy trời, một lần"
page_008_24.jpg,"thôi, chỉ một lần này th."
page_008_25.jpg,Tôi nghĩ bụng và gật đầu bảo Loan:
page_008_26.jpg,"— Thôi được, cũng đành vậy."
page_008_27.jpg,Loan thở phào sau một lát lặng 1m chờ đợi. Rồi nó
page_008_28.jpg,
page_008_29.jpg,— Sầu giờ rưỡi nhé?
page_008_30.jpg,Tôi đáp:
page_008_31.jpg,"— Sáu giờ. Ði sởm một chút,"
page_008_32.jpg,Loan nói:
page_008_33.jpg,— Đúng hẹn nhé. Tớ về đây.
page_008_34.jpg,"Cô hạt ruít hiến mất,"
page_008_35.jpg,
page_009_01.jpg,"nghe ca nhạc. Mẹ tôi ERông nghỉ ngờ chút nào, bằng"
page_009_02.jpg,lòng ngay. Tôi cảm vhấy mặt nóng ran lên như hơ lửa
page_009_03.jpg,"khi mẹ cúi đầu bình thẳn trên chỗng vở của học sinh,"
page_009_04.jpg,nhúng cây bút sắt vào lọ mực đỏ chấm bài.
page_009_05.jpg,"‹ Con xin lỗi mẹ, chỉ lần này thôi."
page_009_06.jpg,"Tôi thầm nói trong lòng, rồi vội vã bước ra phổ. Đi"
page_009_07.jpg,"giữa dòng người tấp nập, ồn ào, tôi thấy nhẹ nhÖm"
page_009_08.jpg,hbơn. Loan hạt mít đã đứng chờ tôi dưới gốc cây phượng
page_009_09.jpg,
page_009_10.jpg,"— Mau lên, hết trắng bây giờ."
page_009_11.jpg,"Lúc Ấấy, trăng thượng tuần lơ lửng như mằnh ngọc"
page_009_12.jpg,lam treo trên „ Chúủng tôi đi hối hả. Hết răng đn
page_009_13.jpg,
page_009_14.jpg,"đường xá:n, trên những rCmănh ruộng và những đám đất"
page_009_15.jpg,"UƯUống xung quanh. Tới bờ sóng, mỡ hỏi đã ướt địính"
page_009_16.jpg,"trong lưng áo,"
page_009_17.jpg,Loan thì thà:
page_009_18.jpg,"Trống ngực tớ đánh khiếp quả, đẳng ấy có thế"
page_009_19.jpg,không ?
page_009_20.jpg,Tôi đáp rắn rỏi:
page_009_21.jpg,— KRhông.
page_009_22.jpg,"Kỳ thực, tim tôi cũng đang nhảy thon thót vì hồi hộp."
page_009_23.jpg,Chưa bao giờ chúng tôi ra đáo vào lúc đếm tối như
page_009_24.jpg,"hôm nay. Trước khi xảy ra vụ mãi tÚch Dũng còm,"
page_009_25.jpg,chẳng ai giam cầm chúng tôi và vì thế vài ba ngày một
page_009_26.jpg,"lần, chúng tôi thong thả ra sông, gỡ thuyền bơi ra đão,"
page_009_27.jpg,Vừa bơi vừa ngằm cảnh mặt trời rực rỡ chiếu trên lăn
page_009_28.jpg,nước biếc và những cánh buồm thấp thoáng gần xsã.
page_009_29.jpg,"bàng bạc, xam xảm như một con trăn kỳ quái, Những"
page_009_30.jpg,búi cây nhỏ ven bờ nước ban ngày nhìn rặất xinh tượơi
page_010_01.jpg,"lại giống những con thú đang vờ vịt ngủ, chờ cơ hội"
page_010_02.jpg,nhảy chồm lên vồ mồi. Thỉnh thoảng một con chỉm
page_010_03.jpg,đêm bay qua buông tiếng kéu t
page_010_04.jpg,
page_010_05.jpg,"Loan nín chặt tay tôi,' gọi giật giọng t"
page_010_06.jpg,
page_010_07.jpg,
page_010_08.jpg,— Có đi nữa khóng ÿ
page_010_09.jpg,— Sao lại không.
page_010_10.jpg,"cắm củi bước, không dáảm hỏi thêm câu nào."
page_010_11.jpg,Mép nước đã sát dưới chản. Tôi đình hưởng tìm cây
page_010_12.jpg,cọc buộc thuyền. Đây rồi. Chiếc thuyền tôn của bà
page_010_13.jpg,Án Lạc cột vào cọc bằng một sợi dây xích lớn. Gió
page_010_14.jpg,đánh khiến sợi xích đập xoang xoảng. Những gợn nước
page_010_15.jpg,về dưới mạn thuyền giống đàn rắn con đang bò. Có
page_010_16.jpg,tiếng buýt gió vang lên phia bờ bên kia nghe rờn rợn.
page_010_17.jpg,Tôi lạnh cả gáy. Lúc đi chỉ hăm hở nghĩ
page_010_18.jpg,"bộp tiền thơm phức ra ngắm, không nghĩ tới cảnh dòng"
page_010_19.jpg,sông đêếm tối tăm ghê rơợn thế này. Nhưng không lẽ
page_010_20.jpg,"'Thứ nhất, mất toi buồi tối. Thử hai Loan"
page_010_21.jpg,"hạt mắÍt cũng sẽ cho tôi là thứ thỏ nhút nhát như nó,"
page_010_22.jpg,"Nghĩ vậy, tôi mím môi nhảây ào xuống thuyền. Bàn chân"
page_010_23.jpg,"động mạnh, đau nhói, Tôi vở vội cọc chèo, Lần này,"
page_010_24.jpg,cọc chèo lại đạp vào cẳng chân tôi một củ đau hơn.
page_010_25.jpg,"Loan hạt mít vừa nhây theo tôi, bật lên rên rỉ:"
page_010_26.jpg,"— Đăằng ấy ơi, về đi, tở sợ lắm,"
page_010_27.jpg,"Tôi đang tức giận vì đau, quay lại quát to:"
page_010_28.jpg,"— Sao hèn thế ? Vì mình mà người ta phải nói đối mẹ,"
page_010_29.jpg,đira đây... Giờ lại đòi về... Không biết xấu hồ hay sao ?
page_010_30.jpg,"Hạt mít lăng im, Có lễ hai cải mép nhỏ hẻnh hếch"
page_010_31.jpg,của nó đang mếu xệch trong bỏng tối. Tôi thương bại
page_010_32.jpg,"cô bạn, nhưng vẫn lì lầm làm mặt giận đập mái chèo"
page_010_33.jpg,bồm bộp xuống nước. Tiếng chèo đạp nước khiến tôi
page_010_34.jpg,
page_011_01.jpg,
page_012_01.jpg,trở lại bình tĩnh. Con thuyền đã lìa bờ mỗi lúc một ra
page_012_02.jpg,"xa., Tới giữa dòng, nhìn những gợn nước loang loáng"
page_012_03.jpg,"trôi đưởi mạn thuyền, tỏi bông này ra Ý nghỉ"
page_012_04.jpg,Loan ngã xuống sông thì sao? Và nôi lo ập đến khiến
page_012_05.jpg,"tôi lạnh toát người. Quãng sông này nhiều vực, người"
page_012_06.jpg,ta đồn là lắm ma nam. Tháng sảu năm trước có hai
page_012_07.jpg,"chị em có bé làng bên chết đuối. Năm kia, một ông lão"
page_012_08.jpg,"gù ngỡ ngần xuống sông tăm buôi trưa, đột nhiền kêéu"
page_012_09.jpg,"Ú ở từng tràng rồi củng chìm nghĩm luôn. l,âu hơn"
page_012_10.jpg,"nữa thời mẹ tôi còn nhỏ, cũng đã có một có gái xinh"
page_012_11.jpg,đẹp nhãy xuống sông tự vân vì bị ép duyên...
page_012_12.jpg,"những chuyện đó tôi sớn gai Ốc. Tuy nhiên, tôi không"
page_012_13.jpg,thề lộ cho Loan biết những ý nghĩ của mình. Tôi cố
page_012_14.jpg,gắng chèo đều đăn. I.oan hạt mỉt ngồi thụp sâu trong
page_012_15.jpg,"lòng thuyền, tay niu mạn thuyền, tay bảm chặt chân tôi,"
page_012_16.jpg,Coơn thuyền trôi và dần rlần dài bờ bên kia đã hiện ra
page_012_17.jpg,"đưới ảnh trăng non,."
page_012_18.jpg,"— Míu iu Íu lu... ítt Ít.,"
page_012_19.jpg,"Một Liếng kèu rất lớn, thắng thốt đột nhiên ré lên xé"
page_012_20.jpg,màng nhĩ chúng tôi. Một hơi gió lạnh đột ngột phả mùi
page_012_21.jpg,"bởi lạ vào mặt, Kèm theo hơi giỏ là một khối đen xut"
page_012_22.jpg,"qua. Loan rú một tiếng, giật mạnh quần tôi. Tôi loạng"
page_012_23.jpg,choạng suýt ngã khiến con thuyền tròng trành muốn
page_012_24.jpg,"lật Phải gắng hết sức, tôi mới giữ cho thuyền thăng"
page_012_25.jpg,bằng trở lại. Định thần rồi tòi mới thấy cảái khối đen
page_012_26.jpg,vừa vụt qua mặt mình là một con chim lớn. Chính nó
page_012_27.jpg,cất tiếng kêu ghê rợn và phả ra mùi hôi hăng hắc. Đó
page_012_28.jpg,là một con lénh đênh. Loài chim này tôi vẫn nghe
page_012_29.jpg,những người bắn chim nỏi tời. Nói là loài chim lớn
page_012_30.jpg,"nhất vùng đồng bằng. Mỗi con nặng tới hàng chục cân,"
page_012_31.jpg,"Thiịt nó dai, không ngon nhưng nhiều và nạc. Nó"
page_012_32.jpg,"dưới nước, đầu đội cụm bèo Nhật Bản hay chiếc lá"
page_012_33.jpg,
page_013_01.jpg,"khoai môn, lặng 18 đi tới gần rồi lửa rmiếng tủm đôi"
page_013_02.jpg,"sSợ. Con chỉmn vẫn đập đôi cảnh năng nồ, vửa bay vừa"
page_013_03.jpg,tiếp tục buông tiếng kên khản khản h
page_013_04.jpg,"ehim kêu vang trên mặt nưởc, khuấy động trời đềm."
page_013_05.jpg,
page_013_06.jpg,— Gon lênh đênh đấy. Sợ gì...
page_013_07.jpg,"Loan không đáp, thở dốc từng hồi. Con lênh đếnh"
page_013_08.jpg,đã bay xa. Tới đập mái chèo thật mạnh đề xua nối
page_013_09.jpg,
page_013_10.jpg,"Ghừng hai chục mái chèo nữa, chúng tôi tới đão Họa"
page_013_11.jpg,Vàng. Tôi neo thuyền rồi đi tới gò đất chôn kho tàng.
page_013_12.jpg,Nỗi sợ hãi tan biến. Chúng tôi vui vẻ hẳn lén. Loan
page_013_13.jpg,"tong tẢ bước, miệng hát ư ử, Tôi bảo :"
page_013_14.jpg,"— Giá ban ngày, thế nào mình cũng tải được nửa"
page_013_15.jpg,"đấu quả duõi chin,"
page_013_16.jpg,Gò đất chôn của côi của chúủng tôi đã sụt một góc sxu
page_013_17.jpg,mấy trận mưa. Hòn đá chôn làm đếu lăn xuống chân
page_013_18.jpg,"gò. Tôi nhìn quanh : đóm vẫng lăng, không bóng người,"
page_013_19.jpg,Trăng thượng tnần xanh như lá nốn đã ngà lên những
page_013_20.jpg,— GCanh gác nhé.
page_013_21.jpg,"Rồi tôi quỳ xuống, rút cây xà-beng cụt giấu trong bụi"
page_013_22.jpg,"đuối cạnh gò, bắt đầu đào. Non nửa thước đất là tời"
page_013_23.jpg,cái thùng nhôm. Tôi mở nắp thùng thật khỏ nhợc
page_013_24.jpg,gÏ sắt đã cần chặt lại. May sao hộp đựng tiền bên trong
page_013_25.jpg,vẫn vẹn nguyên. Qhúủng tôi ghó mắt nhìn những dồng
page_013_26.jpg,hào sáng trắng và ngửi mùi xếp tiền mừng tuổi cờa
page_013_27.jpg,thơm phức một cách thủ vi. San đó tôi đậy hộp quf”n
page_013_28.jpg,"hai lớp vải sơn, rÖi mở gôi đựng vảãi vụn với phồos"
page_013_29.jpg,trợng bạc ra xem. Chợt Loan kên:
page_013_30.jpg,=—xCó người kìa !
page_013_31.jpg,Tôi quay lại. Quả tình sau Jưng chúng tôi 43 hiện lên
page_013_32.jpg,"rnột bóng đen, Cái bóng nhỏ bé đó đi đọc theo rmếp"
page_013_33.jpg,3-1753
page_013_34.jpg,
page_014_01.jpg,"nước,lúc mờ lúc tỏ. Nghe tiếng hét của I,zan, nó sựưng"
page_014_02.jpg,"lại như cái cọc, rồi cứ như vậy đửng trơ trợ. Loan đã"
page_014_03.jpg,vào tai tôi. Tôi
page_014_04.jpg,bao Loan:
page_014_05.jpg,"— Không ghải tròm. Nếu là trộm, nghe kén nó đã"
page_014_06.jpg,
page_014_07.jpg,Loan thì thào:
page_014_08.jpg,— Hay là ma?
page_014_09.jpg,Tôi bảo bạn:
page_014_10.jpg,— Đửừng sơ. Đề tở ra xem. Đằng ấy cứ bọc lại gói
page_014_11.jpg,vải cho cần thận rồi bỏ vào thùng.
page_014_12.jpg,"Nỏi xong, tôi tiến về phía bóng đen kia. Vừa đi tôi"
page_014_13.jpg,vừa bẻ một cành duối vung vâầy. Bà ngoại tôi vẫn bảo:
page_014_14.jpg,"ma quỷ sợ nước tiêu và roi dâu. Không có roi dâu, tt"
page_014_15.jpg,"dùng roi duối vậy, Tôi quật cây roi vun vút trong không"
page_014_16.jpg,"khi, Khi đã thấy rö bóng đen, tôi dừng lại hét:"
page_014_17.jpg,
page_014_18.jpg,Bóng đen lắp bắp trả lời:
page_014_19.jpg,^2E#OS2:
page_014_20.jpg,Tôi quát to hơn nữa và thấy tay mình bỗng run như
page_014_21.jpg,
page_014_22.jpg,— Em là ai?
page_014_23.jpg,Bóng đen nói nhỏ như mất hơi
page_014_24.jpg,
page_014_25.jpg,"Tôi hỏi đồn đập, nửa thị"
page_014_26.jpg,"— Nói mau, em là ai? Làm gì ở đây ?"
page_014_27.jpg,Bỏng đen đáp lại vội vã
page_014_28.jpg,"— Em là... đi chụp cá... Em đi chụp cả,."
page_014_29.jpg,Tôi tiến lên vài bước nữa và nhận ra một thẳng bế
page_014_30.jpg,"còi cọc đen thủi đen thui, Khi nó nói, chỉ có hàm răng"
page_014_31.jpg,"trắng ánh lên, Lưng nó đeo chiếc giỏó và tay cảm chụp:."
page_014_32.jpg,
page_015_01.jpg,Tôi bỗng thấy mùủi lòng: chủ lễ một đửa bế gầÿ guộc
page_015_02.jpg,như vậy màả đêm đêm lăn lội đi kiếm ăn ? Mó còn thua
page_015_03.jpg,
page_015_04.jpg,"Tới định hước tới, nhưng một câu chuyện cữ lại"
page_015_05.jpg,hiện lên trong trí nhớ khiến tôi dừng bước. Chuyện
page_015_06.jpg,thế này:
page_015_07.jpg,tiếp quản các thành phố và thi trấn. Đêm đêm các anh
page_015_08.jpg,"thường thay nhau đi tuần tra. Một lần đã khuya, hai"
page_015_09.jpg,anh bộ đội gặp mộtđứa bé lên năm giữa ngã ba đường.
page_015_10.jpg,"Thằng bé khỏc nức nở, kề rằng bị lạc mẹ từ chập tối."
page_015_11.jpg,
page_015_12.jpg,Từ ngã ba tới đồn công an chừửng nơom nửa cây số.
page_015_13.jpg,"Thằng bé trên lưng lúc nhẹ như bấc, lức năng nhữ chỉì."
page_015_14.jpg,Anh bộ đội kinh ngạc hỏi:
page_015_15.jpg,"— Cháu lạ thật, lúc nặng lúc nhẹ nhự mạa ấy,"
page_015_16.jpg,Thằng bé cất tiếng cười sẵng sặc
page_015_17.jpg,
page_015_18.jpg,Và nó thè cái lưỡi đài hơn cải đòn gánh liếm vào
page_015_19.jpg,
page_015_20.jpg,Câu chuyên đỏ bà Tô béo bán búủn riêu kễ khiển tôi
page_015_21.jpg,"chùn bước. Tôi suy nzghĩ vài giây rồi ngôi ngay xuống,"
page_015_22.jpg,"tiều tiên. Nến cải hóng kia là ma, hắn nó pbải biến"
page_015_23.jpg,"ngay, Nhưng không, nó vẫn đửng im và lặng lẽ quay"
page_015_24.jpg,đầu đi. Vậy nó là một thẳng bé. Đúng là một thẳng bé
page_015_25.jpg,
page_015_26.jpg,"— Xin lỗi nhé, tao phải làm thế vì sợ mày là ma."
page_015_27.jpg,Thằng bé sửng sốt:
page_015_28.jpg,— Ma gì cơ?
page_015_29.jpg,
page_015_30.jpg,— Máa là lIinh hồn người chết đêm đêm liên về?
page_015_31.jpg,
page_016_01.jpg,Thẳng bé nói:
page_016_02.jpg,— Đêm nào em cũng đi chụp cá. Khắp bãi sông này
page_016_03.jpg,"và đầm bên kia—Nó giơ tay chỉ.— Cả hồ sen nữa, Chẳng"
page_016_04.jpg,thấy ma báo giờ.
page_016_05.jpg,"Tôi lặng thỉnh, hơi ngượng. Thằng bé chụp cá thấp"
page_016_06.jpg,hơn tôi một cái đầu. Tay chân nó nhỏ quắt như những
page_016_07.jpg,"Ống xì-đồng bắn chim, Trong chiếc giổ tre đeo bên"
page_016_08.jpg,"lưng, cỏ những vệt trắng óng ánh. Tôi bởi:"
page_016_09.jpg,— Mày được nhiều cá chưa ?
page_016_10.jpg,Đứa bé đấp:
page_016_11.jpg,— Ghỉ đủ niêu kho thôi. Ghưa có cá bán. Hôòm nay
page_016_12.jpg,"đen quá, toàn cá nhỏ."
page_016_13.jpg,"Tiếng nói của nó thật dịu dàng, ngoan ngoãn. Tôi"
page_016_14.jpg,bống muốn gần gũi và thân
page_016_15.jpg,— Nhà em ở đâu ?—tôi hỏi.
page_016_16.jpg,"— Trong làng, ven đám hồ kia —nó đáp lời,"
page_016_17.jpg,"Tôi nhìn theo hưởng tay chỉ của chú bé, thấy mặắt"
page_016_18.jpg,đầm loang mờ ánh nước và những khoảng tối đen của
page_016_19.jpg,"các đảm cậy, Tiếng lịch kiịch từ gò: đất văng tới đã tắt,"
page_016_20.jpg,Tôi đoản Loan chôn xong thùng nên gọi to:
page_016_21.jpg,"— Loan ơi, lại đây."
page_016_22.jpg,"Khi Loan tới, tôi giới thiệu :"
page_016_23.jpg,"— Đây là chỉ Loan, bạn chị. Còn đây là chủ bé đi"
page_016_24.jpg,chụp cả. Tên em là øgì nhĨ?
page_016_25.jpg,
page_016_26.jpg,— Cot? Saøo tên buồn cười thế ?
page_016_27.jpg,"— Mẹ em đặt tên em là Cau, Nhưng em nhỏ quả nên"
page_016_28.jpg,"người làng gọi em là Cọt. Hai chị về nhà em chơi nhé,"
page_016_29.jpg,Loan ngần ngừ. Tôi nhìn về phỉa thị trấn còn sảng
page_016_30.jpg,
page_016_31.jpg,— Mới hơn bảy giờ thôi. Tụi mình đi chơi một lát
page_016_32.jpg,rồi về cũng kỊp.
page_016_33.jpg,
page_017_01.jpg,Chứú bé chụp cả Ỗm4u miệng nói:
page_017_02.jpg,— Về nhà em đi. Chỉ có mình mẹ em thôi. Mà mẹ
page_017_03.jpg,em thích có khách tới chơi lãm... Về bây giờ khoai vừa
page_017_04.jpg,"chín nục. Trước khi đi cá, em đã vùi nDồi vào"
page_017_05.jpg,
page_017_06.jpg,"Ô, đêm lành lạnh thế này mà ngồời ở một căn bếp"
page_017_07.jpg,"chốn làng quê, ăn khoai naật hầm thì thú ví tuyệt, Tôi"
page_017_08.jpg,sốt sắng nói:
page_017_09.jpg,
page_017_10.jpg,"Cậu bé Cọt thoăn thoát đi trước,. Tôi và Loan bước"
page_017_11.jpg,"theo sau. Từ phút ấy, đêm tối lân sông nước không còn:"
page_017_12.jpg,"chúủt nào vẻ bí hiểm đe dọa chúng tôi nữa, Vửa đi"
page_017_13.jpg,chúng tôi vừa chuyện gâu. LToàn những chuyện Yu VƠ
page_017_14.jpg,"mà cười giòn như bắp rang,"
page_017_15.jpg,"Nhà Cau nhỏ xíu, giống như chòi canh dưa hấu."
page_017_16.jpg,Cồng làm bằng hại cành tre vít.cong lại. Chú bớ nhấc
page_017_17.jpg,cảánh cửa rào cho chúng tôi vào. Sâm văng lặng.
page_017_18.jpg,Tôi hỏi:
page_017_19.jpg,— Nhà em không nuối chó hay sao ?
page_017_20.jpg,
page_017_21.jpg,— Có gì mà phải nuôi chó!1
page_017_22.jpg,"Nỏi xong, nó cười hì hÌ như ông cụ. Tớối hiều, nhà"
page_017_23.jpg,chú nghèo nên chẳng có øì cần canh giữ. Cau sát
page_017_24.jpg,"tấm cửa liếp, cởi giỏ cá đeo bén hông. Trong ngôi nhà,"
page_017_25.jpg,một tiếng hỏi vọng ra !
page_017_26.jpg,— Cau về đấy hà con ?
page_017_27.jpg,Giọng trong như nước mưa vậy.
page_017_28.jpg,
page_017_29.jpg,"— Gon về đây. Mẹ thắp đèn lên đi. Nhà ta cớ khách,"
page_017_30.jpg,"Người mẹ đáp lời ngay, thánh thỏt như tiếng nới của"
page_017_31.jpg,"một đứa bé đứng trong dàn nhạc lêệ ngày xưa,"
page_017_32.jpg,"- Chờ mẹ một tL. Cỏ đèn ngay đây,"
page_018_01.jpg,"Tiếng lich kich khe khẽ, rồi sau đó ánh đèn dầu le"
page_018_02.jpg,lỏi rọi chiếu ra. Một bàn tay nhẹ nhàng nâng liếp cửa:
page_018_03.jpg,— Ai đâấy ? Xin mời vào nhà chơi.
page_018_04.jpg,"Một người đàn bà nhỏ xíu, y hệt thằng bé Can hiện"
page_018_05.jpg,"ra. Nhưng sau đó cô thụt vào trong nhà, nhanh đến nổi"
page_018_06.jpg,chúng tôi không kịp trả lời„
page_018_07.jpg,
page_018_08.jpg,"Chú bé giục chúng tôi. Rồi lau tay lên vạt ảo, nó rót"
page_018_09.jpg,nDước ra chén mời mọc. Những chiếc chén Bát Tràng
page_018_10.jpg,"xoàng xïnh vẽ hoa xanh được rửa sạch bóng, Cả bóng"
page_018_11.jpg,"đền hoa kỳ cũng được lau đến trong suỐt, nhìn rõ"
page_018_12.jpg,từng hạt bọt thủy tỉnh. Nhà Cau nghèo nhưng sạch
page_018_13.jpg,sẽ và ngăn nấp.
page_018_14.jpg,"— Nước vối ủ, mẹ em cho thêm gừửng, thơm lắm."
page_018_15.jpg,"Chú bé nói. Chúng tôi uống nước, không những thấy"
page_018_16.jpg,thơm mmà còn thấy vị ngọt đọng mãi ở đầu lưỡi.
page_018_17.jpg,— Thằng Cau thích nước vối ủ pha gừng lắm. Đi cả
page_018_18.jpg,về làm một chén là ấm người lên ngay.
page_018_19.jpg,"Người đàn bà nói, đoạn nheo mắt cười. Mắt cô rất"
page_018_20.jpg,"to, xanh biếc, mì dài và cong, Sống mũi. cô thng và"
page_018_21.jpg,"cao, chịỉ chít những vết tàn nhang,. Gương mặt cô khác"
page_018_22.jpg,hẳn những gương mặt đàn bà ở làng quê mà tôi
page_018_23.jpg,thường gặp.
page_018_24.jpg,Chú bế Cau đã bưng nồi khoai lên. Nó kếu:
page_018_25.jpg,"-—:Mẹe đổ hộ con ti, Nóng quá."
page_018_26.jpg,"Người đàn bă lật đật đứng dậy, đỡ nồi khoai cho con,"
page_018_27.jpg,"Lúc đó, tôi mới thấy rõ là lưng cô bị gù gập lại. Một"
page_018_28.jpg,cái bướu lởn nằm ngay dười vai trái. Trông. cô
page_018_29.jpg,"lệch và nhỏ teo như con cua bị bẻ một bên càng,"
page_018_30.jpg,"— Các cháu ăn khoai đi,"
page_018_31.jpg,"tóc hung đỏ bao quanh gương mặt cô, đẹp phự tóc của"
page_018_32.jpg,"một nữ tài tửphương tây, và làn da trắng nồn, Cô là"
page_018_33.jpg,"rmột người lạai. Mội người lai tàn tật,"
page_018_34.jpg,
page_019_01.jpg,"Tôi không đám nhìn nzguời đàn bà lâu hơn nữa, éúi"
page_019_02.jpg,"xuống bát khoai đang bốc hơi nóng hôi hồi. Gỡn cỏ,"
page_019_03.jpg,sau lá màn nhuộm nâu và nhẹ
page_019_04.jpg,nhàng nói chuyện :
page_019_05.jpg,— Chủ nhân nhà này là em Cau đó. Nó đi học một
page_019_06.jpg,"buỗôi, đi cá, đi Lãm một buôi. Tiền bán cá bảu tôm muaà"
page_019_07.jpg,"dầu, niua muối, hương hoa ngày lễ Tết, áo quần, chăn"
page_019_08.jpg,"màn mùa đông, Còn thóc thì hợp tác xã bản chơ giá"
page_019_09.jpg,"mùa, Cau đi mót thêm lúa, thêm khoai"
page_019_10.jpg,"có cô là chẳng được tích sự gì,«"
page_019_11.jpg,"Cau nhăn mặt, găt:"
page_019_12.jpg,— Mẹ lại nói chuyên cà kê gì thế? Chán lắm...
page_019_13.jpg,"Nói xong, chú bế quay đi. Dường như nó muốn che."
page_019_14.jpg,giàu nỗi xúc động trước chúng tôi. Còn người mẹ thi
page_019_15.jpg,"khẽ thở dải, ngước nhìn con bằng cặp mắt long lanh"
page_019_16.jpg,và dịu dàng nói
page_019_17.jpg,"~ [hì mẹ kểề cho các chị ấy nghe, Có gì sai đâu ?,."
page_019_18.jpg,Chủ bé im lắng-
page_019_19.jpg,Mẹ chủ vuốt ve chú bằng những ánh mät chan chửa
page_019_20.jpg,"thương lần Ỗtự.hâào,"
page_019_21.jpg,"Chờ chủng tôi ăn khoai xong, Gau øtiục;,"
page_019_22.jpg,"— ÐĐiđi, khéo khóông trộm nâng hết giản cầu của"
page_019_23.jpg,các chỉ
page_019_24.jpg,"Tôi ngằn người, hỏi:"
page_019_25.jpg,— Giàn câu nào 9
page_019_26.jpg,TLai tới lượt Gau ngằn ngơ:
page_019_27.jpg,— Giàn câu của các chị.
page_019_28.jpg,đi canh giàn câu cho bố mẹ hay sao 7
page_019_29.jpg,"Hóa ra Cau tưởng chúng tôi ra sông canh giản cảu,"
page_019_30.jpg,"Ở thị trấn, có vài gia. đình sống bằng nghề câu giàn."
page_019_31.jpg,"5y. cần câu mắc sẵn môi và ngồi canh;

JIọ cắm hừnz"
page_019_32.jpg,Lâu lâu lại đi tuần một lượi gỡ cá mắc mồi và thay:
page_019_33.jpg,
page_020_01.jpg,tmồi mới khi mồi eũ đã bì rỉa hoặc nhạt vì ngắm nước.
page_020_02.jpg,Uâu giản là lối cầur nhàn nhã nhất trong nghề câu kiếm
page_020_03.jpg,"sðmg. lÏnưzng muốif câu giàn phải có một số vốn to,"
page_020_04.jpg,CGau vấn băn khoăn nhìn chúng tôi
page_020_05.jpg,— Em tưởng là..
page_020_06.jpg,"Têi hấm Loan, gội đầu:"
page_020_07.jpg,
page_020_08.jpg,"Uhủasg tôi chào cô chủ nhà, ra đi. Quen đường, tôi"
page_020_09.jpg,đã có thể phân biệt được cành tre ngả phía trước lân
page_020_10.jpg,"bãi phân trâu bên vệ cóỏ. Tới ngà rể, chúng tôi chia"
page_020_11.jpg,tay nhau. Gau đi về phía đầm nước. Ghúng tôi trở lại
page_020_12.jpg,dòng sóng. Trị nphớ khá tốt khiến tôi tìm được lõi đi
page_020_13.jpg,tắt theo đồi cát ra Đảo mà chủ bé Cau đưa chúng tòôi
page_020_14.jpg,"kúc trước. Đang đi, chợt tiếng gà gáy te te trong làng"
page_020_15.jpg,"väẵng ra. Tbú phiêu lưu chơt tan biến, Nỗi lo âu khiến"
page_020_16.jpg,hai chúng tôi lạnh cả người. Loan khẽ nói:
page_020_17.jpg,— Chết rồi Bê ơi! Nửa đêm rồi gà mới gáy thế chử.
page_020_18.jpg,"Nhìn sang bén kia sông, thị trấn đã tắt đèn. Tôi cũng"
page_020_19.jpg,bhoäng sợ.
page_020_20.jpg,1JOaU ( tả nói tiếp :
page_020_21.jpg,
page_020_22.jpg,Tôi gắt:
page_020_23.jpg,— Gó gan đi chơi thì phải có gan chịu đòn chứ]
page_020_24.jpg,"Đẳng ấy có im đi không, tụt xuống sông bây giờ.."
page_020_25.jpg,"Chưa dứt lời, Loan kéu hự, Nó bị tụt xuống nước"
page_020_26.jpg,"thật, kéo c tôi theo. May sao tôi bình tĩnh lòi được cô"
page_020_27.jpg,"bạn lên, nbưng áo quần hai đứa ướt lướt thướt, Tôi"
page_020_28.jpg,"không dán gắt nữa, ngọt ngào đỗ bạn;:"
page_020_29.jpg,"— OƠCứ bình tĩnh, sắẵp tới đảo rồi."
page_020_30.jpg,"Quả nhiên, Loan không kèo nhèo kên than nữa, túm"
page_020_31.jpg,"đó, bên kia sông hiện lên hàng chục đốm lửa li tì-"
page_020_32.jpg,"sau rõ dần lên, giống những Đgôi sao riàu Vàăng ngâm"
page_021_01.jpg,trong đảy nước. Tôi che mẫt nhìn kỹ hồi lâu. v⁄à nhận
page_021_02.jpg,ra nphững cây đèn bão đang lắc lư tiến đến bờ sông:
page_021_03.jpg,"Bóng người bị vuốt đài ra, như những cây cột đèn d"
page_021_04.jpg,cả hơn hai mươi cây đèn. Vậy l đoàn ngưi
page_021_05.jpg,"đi tìm chúng tôi it nhất cũng hơn số hai mươi, Tội"
page_021_06.jpg,tới cơ sự này.
page_021_07.jpg,"Loan cấu tay tôi, 1o lắng hồi:"
page_021_08.jpg,- Làm sao bây giờ ?
page_021_09.jpg,Tôi đáp :
page_021_10.jpg,"— Lặng í¡m, đừửng nói năng gì cả. Giống như người"
page_021_11.jpg,"bị ma rủ ấy. Không thì chết đòn,"
page_021_12.jpg,"Lúc đo, tôi chưa kịp nghĩ ra cách nào hơn. Sau này,"
page_021_13.jpg,tôi mới thấy lối thoát đỏ đem lại một kết quả tuyệt
page_021_14.jpg,"diệu. Đám người trong thị trấn tới bờ sông, cất tiếng"
page_021_15.jpg,"gọi. Trong những tiếng gọi đó, nghe tiếng rọ tôi vÀ"
page_021_16.jpg,"tiếng cò Iu yếu ởới như hụt hơi, run run như vừa gọi"
page_021_17.jpg,"vừa khóc, Tời cay sè cả mũi. Loan thút thít chùi nước"
page_021_18.jpg,mắt vào tay áo. Tôi khể bấm cô bạn;
page_021_19.jpg,— Im ngay:
page_021_20.jpg,"Tiếng gọi bên kia sông lắng đần, Rồi tiếng bản tắn"
page_021_21.jpg,vẫng sang rÖ môn một ;
page_021_22.jpg,"— Chúng nó không có đây. Thôi, về đi."
page_021_23.jpg,- Không còn ngö nào không sục tới. Chẳng lẽ eon
page_021_24.jpg,
page_021_25.jpg,Yậy sao?
page_021_26.jpg,"¬ Bây giờ chúng nó có thuốc mê, Người lớn như"
page_021_27.jpg,
page_021_28.jpg,— Năm naxy lẫm chuyện buồn gquả.
page_022_01.jpg,"— Tôi đã bảo mà, chưa hết hbạn sao Chỗồi"
page_022_02.jpg,Hỏi: sao Chối quệt đuôi vào trái đất là phải chiu đủ
page_022_03.jpg,"ba mươi sáu tai nạn mới tới lúc vên hàn. Thôi,"
page_022_04.jpg,
page_022_05.jpg,"Những cây đèn lắc Iư, lắc lư. Chợt bà An Lạc tru tréo"
page_022_06.jpg,kêu:
page_022_07.jpg,"— Thôi chết rồi, thuyền của tôi đâu ? Tôi vẫn buộc"
page_022_08.jpg,nó vào cây cọc này mà.. Cả một sợi xích sắt to
page_022_09.jpg,tướng...
page_022_10.jpg,Đám người xôn xao
page_022_11.jpg,"— Dúng rồôi, hai đứa bé lấy thuyền bơi đi rồi."
page_022_12.jpg,Tiếng bà An Lạc san sát:
page_022_13.jpg,~ Còn chệch đi đâu nữa ? Cái thuyền tôn tôi vân
page_022_14.jpg,"bởi sáng sống lấy bèo cho lợn ấy, Chăng mấy conranh"
page_022_15.jpg,này lấy thì ma khênh đi hay sao?
page_022_16.jpg,"— Chết thật, đêm hômxn thế này mà rủ nhau bơi"
page_022_17.jpg,"thuyền, Chúng nó điên haysao?"
page_022_18.jpg,— Điện g\ì † Ma đã quyến rũ thì trẻo lên mái nhà cũng
page_022_19.jpg,cứ trẻo như khỏng. Tôi đây n
page_022_20.jpg,năm hải mươi thời còn bị mn rủ đi vòng quanh đầm
page_022_21.jpg,"nước súdốt đêm. Sáng bảnh mất, nưười đi làm đồng"
page_022_22.jpg,mới đdắt về nhà..
page_022_23.jpg,Một giọng thanh niên rn rồi vút lên:
page_022_24.jpg,"1 Thôi, bà eon trật tự. Có thồ các cháu rủ nhan"
page_022_25.jpg,sang bên hồ nhỗ củ ấu thì sao?... Hai thanh niên bởi
page_022_26.jpg,
page_022_27.jpg,"“ Tiếng nỗi vừa ngừng, hai bóng người nhảy tôm xuống"
page_022_28.jpg,"nước, Họ bơi rất nhanh về phía chúng tôi."
page_022_29.jpg,— Thuyền bà Án Lạc đây rồi.
page_022_30.jpg,"Một tiếng rTeo cất lên, nghe quen quả mà tôi không"
page_022_31.jpg,"nhận ra người nói. Bờ bên kia, có tiếñg hỏi;:"
page_022_32.jpg,— Tìm thấy hai đứa bé không?
page_022_33.jpg,
page_023_01.jpg,Người thanh niện vừa cất tiếng reo đáp thật to? .
page_023_02.jpg,— Đang tìm..
page_023_03.jpg,"Rồi anh nhẫy lên thuyền, bơi ngược đông sông: Anh"
page_023_04.jpg,bóng mờ mờ của chúng tôi dưới
page_023_05.jpg,
page_023_06.jpg,— Gác em đấy phải không ?
page_023_07.jpg,"Anh mừng rỡ cất tiếng hỏi, trong khi chiếc thuyền"
page_023_08.jpg,lừng lững trôi tới trước mặt chúng tôi. Tôi bấm chặt
page_023_09.jpg,"tay Loan, nhất quyết không đáp. Ảnh chàng không"
page_023_10.jpg,"thấy trả lời, liền nhảy xuống rnước lội bì bốm tới tận"
page_023_11.jpg,
page_023_12.jpg,"— Sao không nỏi năng gìcả, hai cô bé? Trời ởi, trớt"
page_023_13.jpg,sũng rồi..
page_023_14.jpg,"Anh kêu to rồi bế xốc từng đứa một, đặt vào lồng"
page_023_15.jpg,thuyền. Lúc đó tôi nhận ra anh. Ảnh tên là Chỉ
page_023_16.jpg,"thủ bóng bàn của thị trấn, Chúng tôi thường chỉ"
page_023_17.jpg,ngườơng anh trong những trận đấu giao hữu tại cầu lạc
page_023_18.jpg,"bộ thị trấn, một ngôi nhà to lớn có những dây cờ lụa"
page_023_19.jpg,nhiều màu bay phấp phới quanh năm. XKbhi chúng tôi.
page_023_20.jpg,"đã ngồi yên trên thuyền, anh bắt đầu chèo về phia: bờ"
page_023_21.jpg,"bệên kia. Lúc đó, anh bạn mới tời nơi liền bảm vào."
page_023_22.jpg,mạn thuyền bơi trở về.
page_023_23.jpg,"TTới bờ, anh bế từng đứa lên, Mẹ tôi ôổm chắt tôi văo"
page_023_24.jpg,"lòng: Cô Lưu cũng vồ lấy Voan, vừa khỏóc vữa cười"
page_023_25.jpg,như điên đại.
page_023_26.jpg,"— Con ơi là con,. Ma quỹ rũ rê thế nào mã đếm hôm"
page_023_27.jpg,"m ra sông nước. Lạy Đức thánh Trần, lạy bà cô mï"
page_023_28.jpg,"Gội... Từ rày lễ lạt hương khói thánz hai lần, con không"
page_023_29.jpg,
page_023_30.jpg,Người đàn óông kế chuyện ma rũ đdí quanh đầm nước
page_023_31.jpg,lhc
page_023_32.jpg,"— bĐã bảo mà, sáng mặt ra chưa ?,"
page_023_33.jpg,
page_024_01.jpg,Không ai đáp lời. Hẳn mọi người đều tín rẳng chúng
page_024_02.jpg,"tôi b ma rủ thật. Nếu không, họ đã thi nhau măng m"
page_024_03.jpg,Và chúng tôi ít nhất cũng lĩnh đủ một chục con lươn
page_024_04.jpg,trên mông.
page_024_05.jpg,NGƯỜI THẦY VÀ ÔNG GIÁO
page_024_06.jpg,"Sau cuộc phiêu lựưu kỳ dị đó haituẩần, một s cố làm"
page_024_07.jpg,biến động cuộc đời học sinh tươi đẹp của chúng tôội
page_024_08.jpg,"Tôi chưa nói cho các bạn Fõ, tôi có hai thầy giáo"
page_024_09.jpg,"tuyệt, Thứ nhất là thầv chủ nhiệm. Oả lớp không ai"
page_024_10.jpg,gọi thầy bằng thầy mà chỉ gọi là bố Thế. Thầy đúng
page_024_11.jpg,TIà ông bố của lớp. Thầy ngoài bốn mươi nhưữưng chưa
page_024_12.jpg,Ccó mụn con nào. Thầy và người vợ cùng tuôi đều
page_024_13.jpg,"hoạt động vùng địch hậu, bị địch bắt giam, tra tấn đến"
page_024_14.jpg,"thành bệnh, khó có khả năng sinh nở. Trong những"
page_024_15.jpg,"trường hợp đó, người ta thường trở nên khó tính sà"
page_024_16.jpg,"ác độc, Nhưnz thầy giáo của chúng tôi lại hiền hậu, dịu"
page_024_17.jpg,đàng nhữ có cả Tội người cha lần một người mẹ kết
page_024_18.jpg,bợp lại trong tâm hồn mộc mạc của thầy. Từ trò đứng
page_024_19.jpg,"đầu lớp tới trò đội số lưu ban, không ai có thể oán"
page_024_20.jpg,"thán điều gì, không ai nhận thấy một dấu hiệu cồn can"
page_024_21.jpg,của sự thành kiến hay bất công ở thầy. Gộng bằng và
page_024_22.jpg,"nhận hậu, nâng đỡ và dìu dắt com người cho tới khả"
page_024_23.jpg,"khiến tôi có thể vững vàng chịu đựng gian truân, khoan"
page_024_24.jpg,dung đối với những sai lầm của kẻ khác và tự kiềm
page_024_25.jpg,chế mình mỗi khi trong tôi dấy lêu những ý muốn
page_024_26.jpg,"trả thù,"
page_025_01.jpg,"u bổ Thế, chúng tỏi yêu quý thầy dạy thể dục, Hồi"
page_025_02.jpg,"đó, thô dục là môn học phụ nhưng vì thầy đạy thể dục"
page_025_03.jpg,"tốt và vui tính, nên đối với chúng tôi nó bông trở thẳnh"
page_025_04.jpg,một món học lý thú được chờ đón trong tuần. Thầy
page_025_05.jpg,"đạy thề dục Ít tuôi hơn bố Thế, người tãm thước, rấn"
page_025_06.jpg,"rỏi, da ngăm đen. Tóc thầy đen, dày. Cặp mắt nghiêm"
page_025_07.jpg,"nghị nhưng cởi rmở., Thầy luôn luôn đem lại cho chúng"
page_025_08.jpg,"tôi tiếng cười thoải mái trên sân tập, Thầy nói rất ít"
page_025_09.jpg,dường như không thuyết giáo bao giờ. Nhưng chúng
page_025_10.jpg,tôi hiều những cử chỉ và ý muốn của thầy. Ảnh mắt
page_025_11.jpg,"tươi vui, trìu mến của thầy khiến chúng tôi vượt qua"
page_025_12.jpg,rnôi sợ hãi hay sự nhọc mệt. Khoảng sản có mềm tràn
page_025_13.jpg,"áÁnn nắng, Những lá cóỏ tươi xanh, Những con chuồn"
page_025_14.jpg,bay lượn. Bầu trời lơ có những đám Tnây nhỏ. Và
page_025_15.jpg,tiếng cười sắng khoảái khi trán còn long lanh mỗô hộôi sau
page_025_16.jpg,buồi tập hoặc sau các trò chơi thể dục... Những giờ bọc
page_025_17.jpg,đó là hạnh phúc thực sự của tuổi thơ. Tôi nhở chúng
page_025_18.jpg,rõ rảng như nhớ những bônghoa phượng đỏ có những
page_025_19.jpg,"chiếc vòi mà Tnỗi mùa hè, chúng ta thường rứt xuống"
page_025_20.jpg,đề chơi chọi gà vậy.
page_025_21.jpg,Thế mà bỗng dưng thầy xa rời chúng tôi. Thầy có
page_025_22.jpg,"ba con nhỏ với người vợ ở làng. Vợ thầy đau yếu luôn,"
page_025_23.jpg,không làm ruộng được nêền nhà lúng bấn. Gần đây cô
page_025_24.jpg,"bi viểm gan, Vì thế thầy phải chuyền về một trường ở"
page_025_25.jpg,huyện đề tiện săn sóc người vợ và JŨũ con đại. Thầy đ
page_025_26.jpg,"vội vã đến nối không kịp gặp gỡ, liên honn chia tạy"
page_025_27.jpg,với học trò theo thường lệ. Chúng tôi chỉ cờn biết bửi
page_025_28.jpg,"ngùi thương nhớ thầy, tư trách mình quả thờ ơ với"
page_025_29.jpg,con người chịu khô sở nhưng lúc nào cũng bình
page_025_30.jpg,tĩnh và làm việc hếPiòng ấy. Lớp trích quỹ mua tặng
page_025_31.jpg,thầy một cặp sơ-mHÏ và đôi giày da rmùa đông. Giờ thê
page_025_32.jpg,dục bỏ trống. Và hai tnần sau giáo viên thể dục mới về
page_025_33.jpg,vrường.
page_026_01.jpg,
page_027_01.jpg,Sáng đó chúng tôi xếp hàng đứng dón. Frước mặt
page_027_02.jpg,"chúng tôi xuất hiện một người đàn ông to cao, béo nục,"
page_027_03.jpg,"tóc chải böỏng, bên bộ đồ trắng lốp, Chúng tôi xiết bao"
page_027_04.jpg,
page_027_05.jpg,"hai mươi bÖn luôi, tên là Gia., Chúng tôi lướng Ông"
page_027_06.jpg,
page_027_07.jpg,"rồi, Trong lúc bố Thế nói, thầy giáo, /mới đứng 1m,"
page_027_08.jpg,mắt nhìn lướt qua đầu chúng tôi vềwBBÍa xa xăm như.
page_027_09.jpg,"một triết gia.""” BỐ Thế đi rồi, ỏng giáØ ®ủi mái đầu nhìn"
page_027_10.jpg,
page_027_11.jpg,Bất chợt ông giáo hô to ;
page_027_12.jpg,— Tấãt cả nghiêm l
page_027_13.jpg,"Chúng tôi nhãy dựng lên như bị kiến đốt, vội vàng"
page_027_14.jpg,"ưỡn lưng, nghên cô nhìn về phía trước. THầy giáo Gla"
page_027_15.jpg,"Uếc nhìn ra bộ hài lòng, rồi bắt đầu bài giảng :"
page_027_16.jpg,— Tôi bước vào tiết học đầu tiên ở đây. Trước khi
page_027_17.jpg,"dạy các anh, các chí, tôi là giáo viên trợ giảng của"
page_027_18.jpg,Trường đại học thề dục thể thao. Học yiên của tôi là
page_027_19.jpg,"những thanh niên trể khỏe, đã tốt nghiệp cấp ba phố"
page_027_20.jpg,"thông, có nhận thức rất khá, Vì thế, e hẻm... việc tôi về"
page_027_21.jpg,"đây,dạy các cô, các cậu (thầy giáo Gia hạ chúủng tôi từ"
page_027_22.jpg,nAnnhchi xuống cô cậu đột ngột như hô nghiêm xvậy)...
page_027_23.jpg,là rất đặc hii
page_027_24.jpg,
page_027_25.jpg,Chúng tôi đứửng iïm phắc. Lúc đó một con ruồi trâu
page_027_26.jpg,to tướng bay tới. Tiếng bay vo vø của nó vang rất rõ
page_027_27.jpg,trong không gian. Thầy Gĩïa tỏ ý không hải löng. Thấy
page_027_28.jpg,"giơ tay đập. Gon rgổi vọL lên cao, nhưng không bay đi"
page_027_29.jpg,Tmmà cử rung cánh
page_027_30.jpg,vậy. Thầy Gia hà # BỨP lườm con ruồi rồi nói tiế
page_027_31.jpg,
page_027_32.jpg,"gian là vàng ngọc, và sứửc khỏe là châu báu. Không"
page_027_33.jpg,"được lãng phí một giây. Trước tiên, hãy khỏiđộng cho"
page_027_34.jpg,cơthề điược hàm nóng. Vì khởi động là bước lv đà
page_027_35.jpg,
page_028_01.jpg,quan trọng cho tẩt cẢ các buôi luyện tập. Nó clng
page_028_02.jpg,"giống như địch vị tiết ra trước hữa ăn... Theo tôi... Một,"
page_028_03.jpg,Tất c lãy chạy vòng tròn...
page_028_04.jpg,"Chúng tôi hồi hộp phìn nhau, bắt đầu chạy. Loan"
page_028_05.jpg,"thở bồn hền, ghé vào tai tôi thì thầm:"
page_028_06.jpg,— Ông này điệu quá mày ạ. Chỉ có việc khởi động
page_028_07.jpg,"mà thuyết lý hàng tràng. Nghe cứ rối mù lên,"
page_028_08.jpg,— Lặng imgSEm còn gì nữa không.
page_028_09.jpg,"Tôi đáp, Trước đây thầy dạy thể dục chỉ cần giơ"
page_028_10.jpg,"hai cảnh tay, chụm hình cghữ U trên đầu là chúng tôi"
page_028_11.jpg,đã ngoan rgoẩn chạy vòng tròn khởi động.
page_028_12.jpg,< Thật sung sướng khi sống với những người giản
page_028_13.jpg,"=

tươi vui» —tôi thâầm nghĩ,"
page_028_14.jpg,— Tất cả chú .
page_028_15.jpg,Thầy Gia lại đột ngột thét lên như còi tàu. Lần này
page_028_16.jpg,tim chúng tôi cũng này thon thót. Chúng tôi lén đưa
page_028_17.jpg,xmắt nhìn nhaa. Thầy Gia nói
page_028_18.jpg,"— Giữ cự ly giản cách thật đều,. Sao cho mỗi cá"
page_028_19.jpg,"nhân là mỗi đơn nguyên trong cấu tạo vòng tròn, Tôi"
page_028_20.jpg,"cho mỗi người hai phút tự kiểm tra, điều chỉnh đồ"
page_028_21.jpg,định vị rmmình cho chính xác. Phải nêu cao ý thức thề
page_028_22.jpg,"đục thề thao mới, Phải nghiêm túc và giữ gin kỷ"
page_028_23.jpg,"luật.. Nào, bắt đầu... Tôi bấm giờ đây. Mỗi người"
page_028_24.jpg,"được quyền tự tu chỉnh trong hai phút,.."
page_028_25.jpg,Đám học trò nhìn nhau !
page_028_26.jpg,—.Gì thế ? Thầy giáo mới bảo gì thế ?
page_028_27.jpg,"— Chiu. Khéo, giãm lên chân tao rồi."
page_028_28.jpg,"— Chạy:đÌ, sao đứng ì ra đấy ? Thầy ấy quay lại thì"
page_028_29.jpg,
page_028_30.jpg,— Nhưng tao chẳng hiệểu gì
page_028_31.jpg,'Thầy .Gía trịnh trọng nhìn chiếc đồng hồ quả quýt
page_028_32.jpg,"đeo trước ngưc, đếm"
page_028_33.jpg,"— Ba mươi lăm, ba mươi séu.. bốn mươi hai giây."
page_028_34.jpg,Còn sáu mười giây nữa..
page_028_35.jpg,
page_029_01.jpg,Mọi pngười cuống quýt
page_029_02.jpg,"— Bỏ sử, Bê ơi... bảo chúng tao với ! Ông ấy nói gì"
page_029_03.jpg,thế nì
page_029_04.jpg,Lúc ấy tôi ghé vào tai Yến sếu nói:
page_029_05.jpg,— Ghia khoảng cách cho đều. Chỉnh lại vỏng tròn.
page_029_06.jpg,Cả mớở lý thuyết đó chỉ tỏóm gọn thế thôi.
page_029_07.jpg,Yến sếu thở phào. Tín hiệu truyền đi ngay tức khắc
page_029_08.jpg,"Yvà được thực hiên hối hả,"
page_029_09.jpg,Một hồi còïi dài báo hiệu hết giờ tự tu chỉnh. Chúng tôi
page_029_10.jpg,dừng lại. hướng về phía giáo viên như những hành
page_029_11.jpg,tỉnh hướng về mặt trời.
page_029_12.jpg,vnặt trời của chúng tôi
page_029_13.jpg,Bài của chúng ta hôm nay là.
page_029_14.jpg,"Đang trinh trọng, thầy Gia đột nhiên dừng lại, mặt"
page_029_15.jpg,"phốông lên, căng thẳng một cách khô sơ. Hai cánh mũi"
page_029_16.jpg,lởn có những rmmạch máu H tỉ đỏ rần rật. Măt thầy
page_029_17.jpg,"nhìn xuống đất, giống như căắm một cây cọc nhớn"
page_029_18.jpg,"xuống đó và nhất quyết khỏng nhỏ lên nữa, Gỗ"
page_029_19.jpg,"mặt thây y hệt mộit mảnh buồôồm đã mục, căng hết cỡ"
page_029_20.jpg,"trước làn gió dữ, chỉ cần một hơi thở dỗn tớT là bức"
page_029_21.jpg,ngay. Tình trạng nguy hiềmu đó kéo đài chữừng năm
page_029_22.jpg,sáu giảy. Rồi bông :
page_029_23.jpg,
page_029_24.jpg,Thầy Gia không thể kìm được cơn hắit xì hơi vốn
page_029_25.jpg,mạnh hơn ỷ muốn giữ vẻ trang nghiêm đạo mạo trước
page_029_26.jpg,"đảm học trò. Fhầy đành ngửa mặt lên trời, há miệng"
page_029_27.jpg,"không kịp giơ tay che, cũng khỏng kịp quay đầu đi"
page_029_28.jpg,"đề hãt hơi một cái mạnh như hơi nồi súp-de bị xì,"
page_029_29.jpg,làm bắẵn nước bọt lên đầu Yến sến.
page_029_30.jpg,"Vì bộ mặt thầy lúc đầu guá trịnh trọng, nến khi"
page_029_31.jpg,nhăn nhúm lại do phản ứng cơ thể nom hài hước quá.
page_029_32.jpg,"Nộ khiến chúng tôi khỏng nhịn được, B tung lêm rmmột"
page_029_33.jpg,"cơn cười. Tử lớp trướng tới hbọc viên,từ bí thư chỉ"
page_029_34.jpg,3=1753
page_029_35.jpg,
page_030_01.jpg,Tất thảy mọi người
page_030_02.jpg,trong lớp đều không thồ kìm được cơn tức cười cồn
page_030_03.jpg,"cào gan ruột.. Nhất là mấy chị lớn tuổi, cứ gục đầu vào"
page_030_04.jpg,"nhau, nước mắt giàn giụa, cười rŠ rượi hồi lâu."
page_030_05.jpg,"Sau khi bình tĩnh lại, thầy Gia giậm chân, trợn mỗắt"
page_030_06.jpg,quát ;
page_030_07.jpg,
page_030_08.jpg,"Chúng tôi giật mình đứng nghiêm, nhưng tiếng cười"
page_030_09.jpg,"theo quán tính vẫn còn bắn ra khỏi cô họng, nồ giữa"
page_030_10.jpg,"hai hàm răng. Thầy giáo liếc nhìn chúng tôi, giận dữ"
page_030_11.jpg,
page_030_12.jpg,- Các cô các cậu cười g1? Cười cái gì
page_030_13.jpg,học hay giờ chơi? Ý thức tồ chức kỷ luật đề đâu ?
page_030_14.jpg,"Gác cô các cậu coi thường bộ môn, coi thường thầy"
page_030_15.jpg,dạy phải kbông ?..
page_030_16.jpg,Chúng tôi không còn cười được nữa. Chúng tôi im
page_030_17.jpg,"rO, cúi mặt nhìn xuống đầu móng chân, Không khí"
page_030_18.jpg,"lrở nên nghiêm trọng vì mặt ông giáo mới tim lại,"
page_030_19.jpg,giận giữ và uất ức. Ông nhìn xỏi vào chúng tôi. Rồi
page_030_20.jpg,"như nhận ra, tôi là đứa bé con đứng hàng đầu cười"
page_030_21.jpg,"to nhất và nhiều nhất, ông chỉ :"
page_030_22.jpg,"— GCỡ kia, tên gì?"
page_030_23.jpg,"Tôi lạnh toát sống lưng, khẽ trả lời:"
page_030_24.jpg,"— Thưa thầy, em tên là Vũ Thị Bê."
page_030_25.jpg,—Gô cười gì?
page_030_26.jpg,"-— Tôi hỏi, cô cười gì?"
page_030_27.jpg,— Đây là giờ học hay giờ chơi ?
page_030_28.jpg,"— Thưa thầy, giờ học,"
page_030_29.jpg,"—Giờ học, có được phép cười không ?"
page_030_30.jpg,— Thưa thầy... không ạ.
page_030_31.jpg,
page_031_01.jpg,—Vì lý do gì cô cười?
page_031_02.jpg,"— Cô là kẻ vôó kỷ luật, vô tô chức, không xứng đáng"
page_031_03.jpg,
page_031_04.jpg,Ngón chân cái của tôi nhảy lên nhẫây xuống trước
page_031_05.jpg,"mặãt,. Những dòng nước lạnh toát bò dọc sống lưi"
page_031_06.jpg,"Bồi sau đó, lại là những đòng nước khác TXöng bông"
page_031_07.jpg,luồn vào từng thở thịt. Tôi thấy mình tròng trăh
page_031_08.jpg,"đi đò ngang qua sông. Cả lớp đứng im, mặt củi găm."
page_031_09.jpg,Chợt một giọng rụt rè cất lên:
page_031_10.jpg,"— Thưa thầy,em xin có ý kiế"
page_031_11.jpg,Tôi ngằng lên; Ly run run giơ tay xin nói. Đó là đửa
page_031_12.jpg,"bé còi cọc nhất lớp. Mẹ chết vì hậu sản, Ly ở vời ông"
page_031_13.jpg,bố nát rượn làm nghề đánh xe ngựa chở thuê và một
page_031_14.jpg,bàả mẹ ghẻ bản nước mắm ở chợ. Hai người t
page_031_15.jpg,"hành hạ đứa bé, không ai rố cho nó rmột giạt tình"
page_031_16.jpg,thương. Ly phải làm quần quật suốt ngày. Nó học kém
page_031_17.jpg,"nhất lớp, mặt raũi tay chắn quắt queo như quả trám khô."
page_031_18.jpg,"— Thưa thầy, — thẳng bé run run cất gìiọng nói —"
page_031_19.jpg,"chị Bẻ không dám cười thầy đâu ạ4,"
page_031_20.jpg,Ông giảo mới gườm gườm:
page_031_21.jpg,— Thế thì cười ai?
page_031_22.jpg,"Ly thở gấp, hối hà nói"
page_031_23.jpg,"— Thưa thầy, giờ thể đục trước đây được phếp cưỡời"
page_031_24.jpg,
page_031_25.jpg,Ông giáo im lặng. Rồi ông bắng giọng nói
page_031_26.jpg,"— Thôi được, tôi cho qua. Nhưng các cô các cấu phải"
page_031_27.jpg,biết rằng tôi rất nghiêm khắc với những hiện tượng võ
page_031_28.jpg,"tồ chức, võ kỷ luật dưới mái trường xã hội chủử nghĩa"
page_031_29.jpg,mới.
page_031_30.jpg,"(tiờ hoc kéo đài trong không khũi nàng nê, löo sợơ, Ilrwa"
page_031_31.jpg,"bôm đó, kHi:tanp học, tôi bước qua mănh sân trường:"
page_031_32.jpg,
page_032_01.jpg,"Chân giầm lên những ngọn cỏ mềm, trí não tôi tưởng"
page_032_02.jpg,"nhở tới gương mặt tươi vui, hồn hậu của thầy giáo cũ."
page_032_03.jpg,"— Thầy ơi, thầy ơi, thầy ơi.."
page_032_04.jpg,"Tôi thầm gọi, lòng vang lên tiếng cười ánh ỏi của"
page_032_05.jpg,những giờ học xưa kia. Giờ chủng vĩnh viên trôi mất:
page_032_06.jpg,Tôi rễ qua hành lang tìm bố. Thế nhưng bố đã đạp xe
page_032_07.jpg,"lên Typgiáo dục mất rồi. Buồn rầu, tôi trở về nhà."
page_032_08.jpg,"Không ngờ, một sự kiện khác đang chờ đợi. Nó sẽđem"
page_032_09.jpg,
page_032_10.jpg,Và lần lượt cả hai đửa tôi phải gánh chịu những tai
page_032_11.jpg,"ương xây đến,"
page_032_12.jpg,NHỮNG DIỀU KHÔNG TỐT LÀNH ĐÁA TỚI
page_032_13.jpg,"Trưa đó, mẹ tôi bảo:"
page_032_14.jpg,"-—Con đi múa iLtđá về pha nước chanh, Trời oi quá."
page_032_15.jpg,Tôi cầm chiếc ca ra phố. Thị trấn ohÏ cóhai nơi bản
page_032_16.jpg,đá lẻ. Một hãng nước đá nhỏ của Pháp đễ lai có cái
page_032_17.jpg,"tên rất kêu: Hoa ILư. Bây giờ, mậu địch ăn uống tiếp"
page_032_18.jpg,quản làm kem que và bán đá lẻ. Hai là nhà cai
page_032_19.jpg,"Ông ta mua một cải máy làm kem nhỏ, xin được giấy"
page_032_20.jpg,"thường là đá non, rất mau chảy và bán đắt gấp đôi mậu"
page_032_21.jpg,"lich nhưng gần rhà nền tôi tới đó mua, “'Trước sân,"
page_032_22.jpg,năm sáu người khách tới trước đang đứng cuờ. Tôi vừa
page_032_23.jpg,đến nơi thì gặp Ly trong nhà bước ra:
page_032_24.jpg,— Đẫng ấy mua đá hả ? Phải nửa giờ nữa mới có. Tớ
page_032_25.jpg,vừa xem máy xong. Đăng Ấy có chờ không ?
page_032_26.jpg,
page_033_01.jpg,"Tôi nhìn ra phố: trời nắng, oi như giữa hé. Giá có"
page_033_02.jpg,"đi tới hãng Hoa Lư cũ thì cũng rã chân. Nghĩ Sây, tôi"
page_033_03.jpg,
page_033_04.jpg,— CGhờ.
page_033_05.jpg,Ly kéo tay tôi :
page_033_06.jpg,"— Thế thì vào đây, nghe chuyện."
page_033_07.jpg,Ly dắt tôi vào sân trong. Nó chơi thân với đứa con
page_033_08.jpg,thứ ba của cai Cân nên đi lại tư đo như người nhà. Ly
page_033_09.jpg,"đưa tôi vòng ra ngách sau dưới chiếc cửa số, dây mằnh"
page_033_10.jpg,mành. UGó liếng người vọng ra. Tối
page_033_11.jpg,"nhận được tiếng cô Lưu, mẹ Loan hạt mít,"
page_033_12.jpg,— Đề cho em nghĩ thêm đã — Cô Lưu nói.
page_033_13.jpg,— Lưu không tin tôi sao?... — giọng cai Gân ngọt
page_033_14.jpg,"ngào, — Oả tôi và Lữưu đều khỏng thiếu gì tiền. Chúng"
page_033_15.jpg,ta chỉ thiếu tình cảm thôi. Tôi muốn Lưu về đây vui
page_033_16.jpg,"xây, đoàn tụ. Khi"
page_033_17.jpg,"iữ cắn nhà đáng ấy, lâm sao chún: ta gần gũi"
page_033_18.jpg,được?.. Đành rŠng chẳng xa xôi vạn dịm gì... Những
page_033_19.jpg,"đânu gao cũng là cách trợ,"
page_033_20.jpg,"C Lưu lăng ím, Hãn là cô theo thới quen đang đưa"
page_033_21.jpg,ngón tay lên cuốn sợi tóc mai vốn đã quãn Ht Bền tai.
page_033_22.jpg,
page_033_23.jpg,"— Nhưng cón con Loan... Em khó nghĩ đuầ,"
page_033_24.jpg,ø ta đã tính chuyện trăm năm thì phải lo hết
page_033_25.jpg,"nhế. Gon nào cũng là con chung, Hai ta cũng gánh"
page_033_26.jpg,nặng cùng vác đầy. Lễ nào tôi lại cam lònz cho chảu
page_033_27.jpg,Loan khô?.. Nó khô là Lưu khô. Mà Lưu khô Hì tôi
page_033_28.jpg,sung sướng nôi gì?...
page_033_29.jpg,"Cô Lưu lại thở

Hai người cùng 1m lặng."
page_033_30.jpg,"Ly nhăắn mũi, bĩu môi bảo tôi:"
page_033_31.jpg,~ Chắc lão đang thơm cô Lưu đấây.
page_033_32.jpg,Tôi cốc vào đầu nó;:
page_033_33.jpg,"— Im mà nghe, quỷ sử."
page_034_01.jpg,Lủc đó cai Cân lại cất tiếng t
page_034_02.jpg,"— Mình bán nhà xong rồi làm lễ cưới, Bảo hạọ đóng"
page_034_03.jpg,cọc nửa tiền. Làm giấy sang tên xong thu nốt.. Á à.
page_034_04.jpg,dạo này nhà đang lên giá. Lão trung tá về hưu bên phố
page_034_05.jpg,mới đang cay cái nhà của mình lắm. Z4ru cởứ rxuặc tôi
page_034_06.jpg,
page_034_07.jpg,"Đứa con trai thứ ba của cai Gân bỗng từ bếp đi ra,"
page_034_08.jpg,họ nhÖ khoàng khoạc. Tôi và Ly vội vàng bươn ra sân
page_034_09.jpg,"trước. Mua đá xong, tôi về nhà ngay. RKhông kịp ăn"
page_034_10.jpg,"cơm, tôi bảo mẹ:"
page_034_11.jpg,"— Mẹ ơi, cô Lưu sắp lấy lão cai Oân đãấy. Gon nghe"
page_034_12.jpg,"hai người bàn chuyện cưới xin và bản nhà về ở chung.,"
page_034_13.jpg,'Thế nào? Gưới ?... Bán nhà cô Lưu yvề ở chung ?
page_034_14.jpg,Mẹ tôi hỏi sửng sỐt như nghe tin núi lửa sắp phun
page_034_15.jpg,xuỐng thị trẫn.
page_034_16.jpg,Tòi gật đầu quả quyết :
page_034_17.jpg,"— Chính tai con nghe thấy mà,."
page_034_18.jpg,"Mẹ tôi ngồi lặng trước bàn, đăm đăm nhìn khoảng"
page_034_19.jpg,"trời lóa nắng. Tôi ăn xong cơm, nhọc mệt ngủ thiếp"
page_034_20.jpg,"đi. Trong giấc ngủ trưa năng nề đó, tôi mơ thấy Dũng"
page_034_21.jpg,"còm, Không biều sao nó ăn mặc y hệt con khí trong"
page_034_22.jpg,"may-ô đỏ viền đen, nó nhảy nhót như tbằng hề trước"
page_034_23.jpg,"mặt đám đồông, xin tiền. Rồi khi đám đóng"
page_034_24.jpg,"nó quay lại nhìn tôi, buồn ủ ê:"
page_034_25.jpg,như thế này không?
page_034_26.jpg,Tôi lắc đầu :
page_034_27.jpg,— Không. Không một ai biết cả.
page_034_28.jpg,
page_034_29.jpg,"— Ừ. Chắc rằng không ai biết,"
page_034_30.jpg,
page_034_31.jpg,"— Vậy thì đẳng ấy nói đi, Vì sao ?,2"
page_034_32.jpg,
page_035_01.jpg,Dũng còm ngước nhìn tôi:
page_035_02.jpg,— Tớ không dám nói... Tớ không bao giờ đắm nỏi..
page_035_03.jpg,"Những ""đồng hào trong túủi nó rơi xuống, lăn rồn"
page_035_04.jpg,rãng trên đường. Lăn mãi cho tới khi đám bụi mù sau
page_035_05.jpg,"Chiếc xe ngựa bốc lên, Và Dũng còm hiến rưất,..."
page_035_06.jpg,"Tôi còn ngơ ngần vì giấc mơ, mẹ tôi đã tới gọi dậy"
page_035_07.jpg,"học bài. Hơn ba giờ rồi. Sau bữa cơm chiều, mẹ con"
page_035_08.jpg,tôi tới nhà cô Lưu. Mẹ không nói nhưng tôi biết hẳn
page_035_09.jpg,"tin tôi vừa thông bảo ""khiến mẹ phải suy nghĩ nhiềnu."
page_035_10.jpg,"Hai nhà cách nhau một phố, đi chửng mười lắàm phút"
page_035_11.jpg,là tời nơi. Gô Lưu đang ngồi trong bếp rán bảnh. Ảnh
page_035_12.jpg,"lửa hắt lên hai gò má tròn, đó hãy hây. Dạo này, cô"
page_035_13.jpg,"béo tỐt, xinh tươi bẵn ra. Cô mời mẹ tôi ngõi vào bàn,"
page_035_14.jpg,rồi nhanh nhẹn bưng lên một đĩa bánh vừa vớt:
page_035_15.jpg,— Chi xơi bánh nóng. Thứ có vừng lắn ngoài là bánh
page_035_16.jpg,"ngọt, nhân đậu xanh đường, đừa nạo. Thử bánh dải"
page_035_17.jpg,"khỏng vừng là bảnh mặn, nhân thit nạc, tiêu, hành.:"
page_035_18.jpg,Mẹ tôi hỗi
page_035_19.jpg,— Lâu lắm có thấy cô làm bánh đâu ?
page_035_20.jpg,GCô Lưu đáp :
page_035_21.jpg,"— Vàảng, hôm nay em nghỉ chợ, làm một Ít; Vừa cho"
page_035_22.jpg,
page_035_23.jpg,"Nói tời đỏ, cô cười theẹn thùng. Hai mẹ con tôi đều"
page_035_24.jpg,hbiễu rằẰng người được biếu bánh ở đây chính là ông
page_035_25.jpg,"cai Cân, chồng sắp cưởi của cô, Mẹ tôi không cười,"
page_035_26.jpg,"buồn buồn nhìn xuống đất. Xưa nay, mẹ tôi vốn có"
page_035_27.jpg,"thiến cằm với cô. Ngoài lẽ tôi và Loan thân nhau, cô là"
page_035_28.jpg,một trong số rất ít người đã lao vào nghề buôn bán rmà
page_035_29.jpg,"còn giữ được ;tính hiền hậu, thực thà. Trước đây, cô"
page_035_30.jpg,1trấn mê những chiếc bánh ráản
page_035_31.jpg,"giòn, bột nhuyền mịn, thơm phức của có làm. Bánh"
page_035_32.jpg,"cô là thợ cơ khí, đẹp trai, hiển như đãt. Một chiền"
page_035_33.jpg,39
page_036_01.jpg,"tháng bảy, chú đi ăn cỗ về, ra giếng tắm bị cảm hàn"
page_036_02.jpg,"chết Người chỉ chồng ở tận Lào Cai về đưa ma, ohu"
page_036_03.jpg,cấp vốn rồi dắt dịu em đdâu đi theoSCô Lưu thạo buôn
page_036_04.jpg,"bán? giàu có vượt lên. Một mình, vÈa nuôi con ăn học"
page_036_05.jpg,"đàng hoàng, vừa xây lên ngôi nhà năm gian, nền cao"
page_036_06.jpg,"thước bai, trần láng như giấy, hiên trước đỗ bê tông,"
page_036_07.jpg,"sân sau đủ bếp núc, buöng tắm, chuồng gà chuồng"
page_036_08.jpg,chim. Dân thiị trấn nê có. Và cô trở thành đối tượng số
page_036_09.jpg,một cho những người đàn ông độc thân khắp hai khu
page_036_10.jpg,"phố cũ, mới... Vậy màả bổng dưng cô lại gật đầu thuận"
page_036_11.jpg,"Xấy lão cai Cần — người nổi tiếng thana lam, bảần tiện"
page_036_12.jpg,"trong thị trấn. Đầu lão dài, hỏi, giống như quả dưa"
page_036_13.jpg,hấu. Cặp mắt quẫẵm quặm sau đôi kính. Đi đâu lão
page_036_14.jpg,"cũng thích bòn mỏt, từ cải Ốc gÏ tới chiếc nắp chuông"
page_036_15.jpg,"xe đạp. Xin được, nhắt được vật gì, cai GCân cũng cho"
page_036_16.jpg,xào túi áo. Lũ trẻ trong thị trấn vân nhìn những chiếc
page_036_17.jpg,lúi áo của lão nht nhìn vào túi của lãs ba bi. Ba bi
page_036_18.jpg,"chín quai, mười hai con mắt, đi bắt trẻ con..."
page_036_19.jpg,"Hẳn vì thế nên mẹ tôi mới rầu rĩ thế, mặăc dù cô"
page_036_20.jpg,"iưu bơn bớn cười, đặt đĩa chiếc bánh vào tay,"
page_036_21.jpg,
page_036_22.jpg,"— Kia, chị Hạnh, mời chị xơi kẻo bánh nguội bây"
page_036_23.jpg,giờ...
page_036_24.jpg,Mẹ tôi đưa mắt nhìn tôi.
page_036_25.jpg,"Biết Biệu lệnh, tôi kéo Loan ra phế. Chắc khi hai"
page_036_26.jpg,"chúng tõi tới đường nhựa, thì cuộc chuyện trò giữa hai"
page_036_27.jpg,người sẽ bắt đầu...
page_036_28.jpg,quen thuộc..
page_036_29.jpg,
page_037_01.jpg,
page_037_02.jpg,Chút nữa tôi
page_037_03.jpg,"dưới gốc bằàng, dần củi gục. Šau chị, một người đàn"
page_037_04.jpg,"Ông cao lớn, tóc chải bồ:"
page_037_05.jpg,"lốp, tựa thỏi bị

xĩ đại. Loan kéo tôi núp sau tăm bảng"
page_037_06.jpg,"dán áp-phích của phòng thông tin thị trấn, Hú vía, chỉ"
page_037_07.jpg,"hai bước nữa là tôi chạm trán họ,"
page_037_08.jpg,"— Thưa thầy, thầy Về 9-‹+„ ;"
page_037_09.jpg,Tiếng chị Bội run run.
page_037_10.jpg,"Không có tiếng đáp. P.ồi sau đó, người đăn ông nói:"
page_037_11.jpg,— Hôm nay trờ lắm sag quáả nhĩ ?
page_037_12.jpg,Tôi nhận ra giọng nói của ông giáo thồ dục mới;
page_037_13.jpg,"thầy giáo Gia, Té ra ông thầy này đã nhanh chóng tìm"
page_037_14.jpg,được người đẻ táần tỉnh. Chị Bội là nữ sinh lớn nhất
page_037_15.jpg,"lớp. Xinh đẹp và hiền hậu nồi tiếng khắp trường, chị"
page_037_16.jpg,khiến tất cả các chàng trai-khôn lớn quay cuồng như
page_037_17.jpg,"chong chóng, Bao nhiêu thư. llnh của bọ gửi cho chí,"
page_037_18.jpg,I nhóc chúng tôi đều bóc ra xem. trước rÖi ngặt
page_037_19.jpg,"nghềo cười. Lần nào chị cũng đó mặt lên, kêu ;"
page_037_20.jpg,— Lũ quỷ con l
page_037_21.jpg,Sức học chị làng nhàng. Kém dhất lại là môn thể
page_037_22.jpg,"dục. Chẳng hiều saø, chỉ không thể vượt qua được mức"
page_037_23.jpg,quy định thấp nhất cho các môn điền kinh. Có lẽ vị
page_037_24.jpg,"vậy mà lúc này, đứng truớc ỏng giáo (0ia, chị rữn rầy"
page_037_25.jpg,như con cò gặp bãø:
page_037_26.jpg,"— Thưa thầy..,"
page_037_27.jpg,— Trai gái trong phố đi xem đỏng thậii Phim gì
page_037_28.jpg,thế nhỉ?
page_037_29.jpg,"— Thưa thầy, Phím Pha-ti-ma."
page_037_30.jpg,-ma. EPm đã xem chưa ?
page_037_31.jpg,"— Thưa thầy, em xem từ tuần trước,"
page_038_01.jpg,Ông Gia cười binh hích rồi hạ giọng !
page_038_02.jpg,"— Bội giống Pha-ti-ma lắm cơ, nhất là mái tóc dài"
page_038_03.jpg,
page_038_04.jpg,"- Thưa thầy, thầy về kéo đường xa..."
page_038_05.jpg,"— Hơ hơ hơ... Bội đuôi tôi đấy à?.., Tôi về đây.,"
page_038_06.jpg,"— Dạ, thầy về ạ..."
page_038_07.jpg,Ông Gia dắt chiếc xe đạp dựa sát tưrờng xuống đường
page_038_08.jpg,"nhựa, Lốp xe nảy tanh tách, giòn giã. Sau đó ông nhảy"
page_038_09.jpg,"lên xe, hbủng dũng như 'con lgấn, [chân đặt lên bàn"
page_038_10.jpg,"đạp, tay tì vào ghi-đông. Tôi tưởng ông ta đi. Nhưng"
page_038_11.jpg,Ông ta chưa đạp đi ngay mà còn nói:
page_038_12.jpg,- Bội phải chiu khó tập lại mấy môn điền kinh nhé.
page_038_13.jpg,"Cả cầu thăng bằng và nhảy ngựa nữa, Điềm hai là"
page_038_14.jpg,không được lên lớp đâu...
page_038_15.jpg,"— Dạ, thưa thầy vâng 3."
page_038_16.jpg,Người nữ sinh lớn tuồi đáp l4 nhí. Ông giáo thề dục
page_038_17.jpg,"đi khổi, chỉ với vã bước vào nhà ngay. Tôi bảo ILoan"
page_038_18.jpg,"đi vòng vài phố rồi quay vềẻ. Câu chuyện đã xong, c"
page_038_19.jpg,Lưu đăm chiêu nhìn những viên gạch lát dưới chân.
page_038_20.jpg,"Khi cô tư lư, những nếp nhăẵn hiện rõ nơi đuôi mấắt."
page_038_21.jpg,Loan hạt mít bảo rằng mẹ nó ba mươi tảm tuôi rồi.
page_038_22.jpg,"Gần bốn mươi tuồi, với người đàn bà góa là đáng sợ"
page_038_23.jpg,lắm — bà ngoại tôi thường nói thế...
page_038_24.jpg,"Hai hôm sau, một buồi tối, mẹ con tôi đang thu đọn"
page_038_25.jpg,"cửa nhà thì cai Cân xộc tới. Lão không chờ mời, ngồi"
page_038_26.jpg,phich xuống ghế.
page_038_27.jpg,"— Bác tới chơi hay cé việc g1?— ruẹ tôi hỏi,"
page_038_28.jpg,— Tôi tưởng cô phải biết chứ ? (Cô vân đi đay con
page_038_29.jpg,nhà người ta cơ mà. — cai Gân cười khây đán lại.
page_038_30.jpg,— Đúng đấy... — mẹ tôi thán\nhiên đáp. — Tôi yvẫn
page_038_31.jpg,đạy trể học. Nhưng nhà nước chỉ phân công tôi giáo
page_038_32.jpg,
page_039_01.jpg,"dục trẻ em. Còn những người lớn tuổi, tôi không có"
page_039_02.jpg,trách nhiệm. Nhất là những người đã từng ăn cơm
page_039_03.jpg,
page_039_04.jpg,Cai Cân sầm mặt. Hẳn l3o tức lắm. Trước ngày giải
page_039_05.jpg,"phóng, đi đâu cai Cân cũng khoe rằng lão là người của"
page_039_06.jpg,"nhà nước Pháp, ăn cơm bằng cùi dịa, phóng sết, và"
page_039_07.jpg,nhây đầm thạo hơn cả đân chính xứ Gô-loa. Chiều
page_039_08.jpg,"chiều, cơm xong lão măặc bộ đồ lính bằng ka-ki vàng"
page_039_09.jpg,"rồi đi-la-mát. Hòa bình về, bộ đề ka-ki đó biến ngay,"
page_039_10.jpg,và thay vào đỏ là bộ đồ gụ với đôói dếp cao su. Giờ nghe
page_039_11.jpg,"mẹ tôi nói, cai Cân ïm như thóc. Lão tự rót nước trây"
page_039_12.jpg,uỐng xùm xụp rôi dịu giọng ?
page_039_13.jpg,— Xưa nay tỏi vẫn trọng cô giáo là người it tuồi
page_039_14.jpg,nhưng biết đường ăn lẽ ở. Sao bỗổng dưng cô nhây vào
page_039_15.jpg,"chuyện người khác làm gì? Tôi mát tính, chứ kẻ khác"
page_039_16.jpg,"hung đÒ, cục súc thì.."
page_039_17.jpg,— Thời này không ai sỐng theo cái lối cháy nhả hàng
page_039_18.jpg,"xóm bình chân như vại — mẹ tôi cắt lời lão,„"
page_039_19.jpg,— GCò nhầm — cai Cân cười nhạt. — Nhà chúng tôi
page_039_20.jpg,có cháy đâu ?
page_039_21.jpg,"— Bác đửng nói nhiều. Tự nhìn mình, nphìn người"
page_039_22.jpg,thì sẽ thấy — mẹ tôi đáp. — Thấy người bên cạnh sắp
page_039_23.jpg,"nhây vào lữa, phải có lời khuyên can, Đóồó là lề lắm"
page_039_24.jpg,
page_039_25.jpg,"Cai Cân cười khẩy, những chiếc răng ngnh bọc vàng"
page_039_26.jpg,của lão sáng lỏe lên:
page_039_27.jpg,— Đàn bà góa cần chốồng chứ không cần lời khuyến
page_039_28.jpg,của bảng xóm. Gô đừng phí công.
page_039_29.jpg,"Nói xong, lão bỏ về."
page_039_30.jpg,"Mẹ tôi ngao ngán thở dài, Rồi rmẹ cử ngồi lặng 1m"
page_039_31.jpg,trước chén nước nguội cho tới lúc tôi mắc ÖỖàn đi ngũ:
page_039_32.jpg,
page_040_01.jpg,SỰ KIÊN THÁNG TƯ
page_040_02.jpg,Sang tháng tư rồi. Hàng phượng vĩ trên sân trường
page_040_03.jpg,"lóe lên vải ngôi sao đó. Đầu tuần, tôi bông bị trượt"
page_040_04.jpg,chân ngã. Trán sưng một cục to bằng guả ồi và đầu
page_040_05.jpg,gỐi trầy rớm máu. PĐiều đó cũng chưa tệ hại bằng chiếc
page_040_06.jpg,quần âu ka-ki xanh mẹ tôi vừa may cho bị rách ngay
page_040_07.jpg,"trước gối. Lộ thủng bằng đồng xu, thịt hở ra trăng"
page_040_08.jpg,"phếu. Đi tới trường ngaÿ không được, mà quay về nhà"
page_040_09.jpg,"thì sẽ trễ giờ. Nghĩ một lát, tôi mở cặp xé mẫu giấy"
page_040_10.jpg,"nháp. Lấy bút tô cho màu giấy xanh đen lại, tôi xin bà"
page_040_11.jpg,"Tô bc¿o sợi bún đán vào quần,"
page_040_12.jpg,"— Con bé kia, dạo này còn ra sòng chơi khôn:

hã?"
page_040_13.jpg,Bà hàng bún riéu gây vào tay Lôi mày sợi
page_040_14.jpg,"quát to,"
page_040_15.jpg,"— T[hưa bà, dạo này chấẩu không dám đi nữa ạ,"
page_040_16.jpg,"— Liệu hồn, con nam rnhận xuống nước thì không"
page_040_17.jpg,"i cứu nồi đâu cona, Bố mày ở tít tắp mũ khơi, mà"
page_040_18.jpg,mẹ máy chỉ có một mùn gái Hiếm hoiw: Nghịch vừa
page_040_19.jpg,
page_040_20.jpg,Bà quát oang oang röi dứt thêm cho tôi rấy sợi bún
page_040_21.jpg,"nữa. Tôi cẩm ơn bà, chạy ra một góc dán mẫu giấy"
page_040_22.jpg,"vào lỗ thủng nơi đấu gối, Xong xuôi, tôi yên tâm rảo"
page_040_23.jpg,bước tới trường.
page_040_24.jpg,"Giờ đầu là giờ hóa. Tôi đọc lý thuyết, làm bài tập"
page_040_25.jpg,"trên bằng, lĩnh gọn một điềm năm ( của bố Thế rồi"
page_040_26.jpg,"trở về chố. Bất đồ, mầu giấy đán rơi xuống. Lạy trời,"
page_040_27.jpg,"khi nẵm trơ trên nên đá hoa, trông nó mởi buồn cười"
page_040_28.jpg,làm sao. Tôi ngượng ngùng cúi lom khom che lỗ thủng
page_040_29.jpg,"nơi đầu gối. CGả lớp cười ồ lên, Bố Thế ngơ ngác nhìn"
page_040_30.jpg,điểm 10 bây giở.
page_040_31.jpg,
page_041_01.jpg,hiền lành như
page_041_02.jpg,
page_041_03.jpg,"học, bố Thế gọi k"
page_041_04.jpg,
page_041_05.jpg,CN B T v
page_041_06.jpg,— Đi đânu thế
page_041_07.jpg,
page_041_08.jpg,— Hừm... Án mặc thế mà ra sân chơi hả?... Học
page_041_09.jpg,"òn lăy giấy dán vào

bao nhiên giờ nữ công rồi"
page_041_10.jpg,"quần rách?.., Gon gái đoảng. Phải phạt cho mày một"
page_041_11.jpg,trận thôi.
page_041_12.jpg,Bao giờ bố Thế cũng xưng bố'và gọi chúng tôi bằng
page_041_13.jpg,"mày, hoặc cộ cậu. Khi nào bố xưng tôi và gọi các en"
page_041_14.jpg,"theo đúng phép, thường là lúc đó bố đang cực kỷ giận"
page_041_15.jpg,dữ trước những khuyết điểm của lũ chúng tôi:
page_041_16.jpg,"Thấy tôi nghếch mắt nhìn, bố Thế väy tay:"
page_041_17.jpg,— Xuống đây với bÕ:
page_041_18.jpg,Chúng tôi đi tới khu nhàả tập thể của giáØ viên tro
page_041_19.jpg,trường. Bố Thế xin mðSŠmmảnh vã bằng
page_041_20.jpg,cây kim và sơI chỉ đải. Đoạan bố dđẫn tôi trở lại căn
page_041_21.jpg,"buöng nhỏ sát phòng thí nghiệm, nơi bố cùng ở với"
page_041_22.jpg,"thầy Dách dạy toán,."
page_041_23.jpg,"— Đỏóng cửa vào, vả quần cho nghiệêm chỉnh—bố-nói:"
page_041_24.jpg,— Nhưng... sắp đến giờ sinh rồi ạ... — tôi rụt rè đáp.
page_041_25.jpg,"— Giờ nào cũng bỏ. Chép bài, tự học san. Lớởn rồi,"
page_041_26.jpg,không được phép cầu thả trong sinh hoạt. Một lần này
page_041_27.jpg,"là phải nhớ đến giả, nghe cHưa ?.."
page_041_28.jpg,"Nói xong, thầy vớ hộp thuốc lào trên bàn, bở vào"
page_041_29.jpg,"túi đi ra. FTôi đóng chặt cửa, cỡi quần dài, trùm chăn"
page_041_30.jpg,"ngồi vá, Đỏ là lần đầu tiên tôi thấy bố Thể tỏ ra nghiệm"
page_041_31.jpg,
page_041_32.jpg,"Chiều hôm đó, lớp tôi cùng cả khối đào mương giúp"
page_041_33.jpg,một hợp tác xã kết nghĩa với trường. Trời oi ỗ khó
page_041_34.jpg,"chiu, Chừng nửa buôi chiều, mưa ập xuống tưởời xõi xã"
page_042_01.jpg,"lên đầu tóc, mặt mũi mọi người, Lũ con trai reo hò,"
page_042_02.jpg,nhảy cằng lên dưới dòng nước trắng xóa. Lũ nhóc như
page_042_03.jpg,"tôi cũng vậy: Đứa nào đứa nấy thi nhau há miệng, thè"
page_042_04.jpg,"lưỡi liếm nước mưa, chạy đuôi, té nước vào nhau và"
page_042_05.jpg,la hét ầm Ï. Chỉ có các chị lớn tuồi là khỗ sở. Các chị
page_042_06.jpg,"đứng túm tụm vào nhau, cố sửc lấy nón che lớp áo"
page_042_07.jpg,quần lướt thướt dính chặt vào người. Chị Bội lớn nhất
page_042_08.jpg,"đám. Người chị nở ngHø, khỏe mạnh, Lớp áo phin"
page_042_09.jpg,ướt dính vào da khiến chị
page_042_10.jpg,khỏa thân thời Phụế]hưng mà thầy đạy vẽ cho chúng
page_042_11.jpg,tôi xem trong giờ ngoại khỏa. Chị ngượng ngùng Vì
page_042_12.jpg,"đấm học sinhH khối trên đứng đen đặc xung quanh,"
page_042_13.jpg,"Trong số đó hẳn có nhiều anh chàng đang theo đuổi,"
page_042_14.jpg,tán tỉnh chỉ. Lễ thứ hai là ông giáo thệ dục mới cũng
page_042_15.jpg,ở đây. Đứng trong đám giáo viên bộ môn nhưng cặp
page_042_16.jpg,xumắt hẹp và đài của ông ta dảân vào tấm thân ướt đầm
page_042_17.jpg,"của cỡnữ sinh một cách miệt mài, Tụi con trai trong"
page_042_18.jpg,lớp nhận ra điều đó trước tiên. Chúng nhấm nháy
page_042_19.jpg,
page_042_20.jpg,"— Kia, xem ông Gia ‹«tia› chỉ Bội.. Khiếp quá, đứt"
page_042_21.jpg,
page_042_22.jpg,"— Tụi mày chú ý nhé... Sắp rồi, sắp rồi... Đấy, tao"
page_042_23.jpg,Tỏi cÓ sai đâu. Ông ấy giả vờ hỏi chuyện bố Thế nhưng
page_042_24.jpg,mắt cử nhìn chòng chọc vào bà Bội nhà ta...
page_042_25.jpg,Tôi nhìn bố Thế. Đúng là bố đang nói gì đó với ông
page_042_26.jpg,"Gia thật, nhưng quay mặt đi nơi khác, BỐ già biết hết"
page_042_27.jpg,mọi chuyện
page_042_28.jpg,Mưa vừa tạnh; trời lại nắng ngay. Chúng tôi lao vào
page_042_29.jpg,"xắn đất, chuyên đất. Đang làm, Ly bỗng lảo đảo, ngã"
page_042_30.jpg,Bố áp má vào trán Ly nghe ngóng rồi lầm bằm :
page_042_31.jpg,"khi đi làm,"
page_043_01.jpg,"Ngước nhìn chúng tôi, bố hỏi"
page_043_02.jpg,— Không đứa nào biết nó Ốm hay sao?7
page_043_03.jpg,"Chúng tôi nhìn nhau, đáp lHÍ nhí;"
page_043_04.jpg,"— ThưaSbố, không ạ."
page_043_05.jpg,— Gọi ngay y tá công trường tới đây.
page_043_06.jpg,"Bố ra lệnh. Lớp trưởng, bí thư chỉ đoàn, liên đội"
page_043_07.jpg,
page_043_08.jpg,trường nào thấy... Chị ta đã tót lên huyện từ lúc bai
page_043_09.jpg,"giờ. Đám người chạy về lã chã Tnồ hỏi, lắc đầu ngao"
page_043_10.jpg,"ngán. Trong lúc đó, bố Thế đã xoà đầu cao lên hai thái"
page_043_11.jpg,"dương, sốngz##ũi, cồ họng và ngực cho người bệnh."
page_043_12.jpg,"Ly nằm trên tay bố, mắt nhẵm nghiền, mặt đỏ như"
page_043_13.jpg,trái cà chua chín. Bố Thế nhìn không đứt hai mÍ mấặt
page_043_14.jpg,"tím xanh, run giật từng hồi của cậu ta. Nghe nói y tả"
page_043_15.jpg,"lên huyện rồi, bố lãng lặng xốỐc Ly lên lưng, cống chạy"
page_043_16.jpg,"về phía đường nhựa, Ruộng lồn nhồn đất, bờ cao bờ"
page_043_17.jpg,thấp mấp mô. Bước châản bố Thế đỏi lúc loạng choạng
page_043_18.jpg,"như muốn ngã. Dù sao, bố cũng đã bước tới tuổi giả."
page_043_19.jpg,— Bố đễ tụi con khiêng cho... Bố không cống được mãi
page_043_20.jpg,
page_043_21.jpg,"Lũ chúủng tôi lếch thếch chạy theo, nài nÏ,"
page_043_22.jpg,— Võng đâu mà khiêng ?... — bũ quay lại nói.—Chúủng
page_043_23.jpg,mày quay lại làm kẻo lớp văng nhiều quảá. Hai đứa đi
page_043_24.jpg,"theo bố,"
page_043_25.jpg,Chẳng ai phân công nhưng tôi cùng lớp trưởng ra
page_043_26.jpg,"đĩ, còn mmọi người trở lại công trường. Lớp trưởng"
page_043_27.jpg,"nhiều tuổi nhất, chững chạc nhất, lo toan việc lớn. Tôi"
page_043_28.jpg,"bé nhưng láu lính, nhanh nhẹn, sẽ đóng vai đầu sai:"
page_043_29.jpg,"Vả lại, xưa nay bố Thế vẫn có Ý chiều tôi hơn mọi"
page_043_30.jpg,"người tí chút, nến tôi đi theo bố cũng là lẽ thường tình."
page_043_31.jpg,"Tới đường, may sao chúng tỏi gặp một chiếc cơm-"
page_043_32.jpg,măng-ca của bộ đội. Thấy đứa bé ốm trên lưng một
page_043_33.jpg,"người đản ông, các anh tự động dừng xe lại, đón chủng"
page_043_34.jpg,tôi lên bệnh viện.
page_044_01.jpg,"Ống thuốc liền, rồi cho nó thở bằng ống cao su đẫn tới"
page_044_02.jpg,"một bình kìm khí sáng choang, đồ sộ. Sau đó, họ đưa"
page_044_03.jpg,"nÓ sang buồng khác, có sáu chiếc Zgiường sắt nhỏ"
page_044_04.jpg,"sơn trắng. Ly vẫn nóng như chiếc bánh mì trong lò,"
page_044_05.jpg,"mãt nhắm nghiền, những đường gân xanh phập phỏng"
page_044_06.jpg,
page_044_07.jpg,"— Thẳng bé bị thương hàn, Trong hai đứa rmày,"
page_044_08.jpg,phải có một ở lại đêm: nay với nó.
page_044_09.jpg,Lớp trưởng đáp :
page_044_10.jpg,
page_044_11.jpg,"Những sau đó, anh im lăng ngay, gương mặt hiện"
page_044_12.jpg,"ĩ biết nbà anh nghèo, và đêm đềm anh"
page_044_13.jpg,"thường đóng gạch xi bán lấy thêm tiền giúp mẹ,"
page_044_14.jpg,
page_044_15.jpg,"— Ánh về đi, em sẽ ngủ lại đây. Qua phố, báo cho"
page_044_16.jpg,
page_044_17.jpg,"Tớp trưởng không trả lời, đứng tr lự. BỐ. Thế gật"
page_044_18.jpg,"đầu, vuốt tóc k&"
page_044_19.jpg,= GCon Bé gi
page_044_20.jpg,"Xxí da to phồng những. gIiấy

e

Bố móc túi, rút ra"
page_044_21.jpg,"tờ, vét tất cả ngăn lớn, ngăn nhö mớởi được bốn đồng ;"
page_044_22.jpg,
page_044_23.jpg,
page_044_24.jpg,"Đựn tiền clio tôi xong, bố và lớp trưởờng ra về, Tôi"
page_044_25.jpg,"đửng giữa sân bệnh viên, nhìn hút theo chiếc áo:"
page_044_26.jpg,bạc màu và dáng lùkhù quen thuộc của người thầy cho
page_044_27.jpg,"i khi khuất băn‹- Rồi tôi quay vào phòng, ngồi cạph"
page_044_28.jpg,"Ly. Ly ngủ. Tôi nhìn quanh phòng, Năm giường khác"
page_044_29.jpg,đều có người. Nhưng họ đều ở trạng thái hón mê Hoặc
page_044_30.jpg,"tê liệt mọi hoạt đóng tình thần khiến tôi rợn rọn,. Mắt"
page_044_31.jpg,"người nào người nấy nhợt như nặn bằng sáp, mắt"
page_044_32.jpg,nhằm nghiền hoặc mỡở thao láo mhưng bất động như
page_044_33.jpg,48
page_045_01.jpg,mắt cảá chết. Tôi tưởng những ánh mắt vô hồn của họ
page_045_02.jpg,như dính vào măắt tôi. Anh mắt trăng đục cña họ như
page_045_03.jpg,những sợi dây vó hình trói chặt töi vào nổi sơ hãt
page_045_04.jpg,Bên ngoài căn phòng là một rặăng cây tối om. Rồi xX®
page_045_05.jpg,"hơn nữa là trái đồi đất đỏ. Trên trái đồi đó, những"
page_045_06.jpg,ngôi mộ nằm rải rác với những nắm chân hương và
page_045_07.jpg,"tàn tro, những chiếc bát cắm hương nghiêng ngằã và"
page_045_08.jpg,
page_045_09.jpg,"nhà nhỏ, quét vôới trắng to4

Đó là nhàả xác của bệnh"
page_045_10.jpg,"Viện. I†rong ảánh chiều, tôi nhìnrõ hai người hộ lý mặc"
page_045_11.jpg,bờ-lu trắng đang khiêng một chiếc băng-ca phủ vảãi đĩ
page_045_12.jpg,
page_045_13.jpg,"Càng ngồi lâu, càng nhìn những cảnh vật xung quanh"
page_045_14.jpg,nỗi sợ hãi trong tôi: cảng tăng lên. Tim tôi đập thình
page_045_15.jpg,"thình trong lồng ngực. Mắt tôi căng ra nhìn,. Lúc nào"
page_045_16.jpg,tôi cũng chờ đợi một cải xác gầy đét trên giường bổng
page_045_17.jpg,"nhiên vùng dậy, túm chặt lấy tôi, Giá không vì Vy đang"
page_045_18.jpg,"năm đó, không vì nghĩ tới bố Thế và lời hứa danh dự"
page_045_19.jpg,"của mình, tôi đã bố chạy. May sao, chừng hai ÖỖHƯƠI"
page_045_20.jpg,"phút sau, cở y tá ltrực tới. Cô mữũm rmmĩm, hồng hào"
page_045_21.jpg,khiến tôi cảm thấy như được sưởi lửa và nỗi sơ Bãi
page_045_22.jpg,cùng không khi lạnh lẽo trong phòng tan biến đi. Cð
page_045_23.jpg,
page_045_24.jpg,"— Sao chản tái xanh đi thế, đói à ?"
page_045_25.jpg,"Tôi khể gật đầu, khỏng nói,"
page_045_26.jpg,
page_045_27.jpg,"— Gô trông cho. Đì ăn kẻo tối sập xuống bây giờ,"
page_045_28.jpg,"'Tôi cảm ơn cô, đi nhanh như chạy khỏi phỏng. Bàầu"
page_045_29.jpg,trời và không gian bên ngoài như rmột thế: giới thần
page_045_30.jpg,tiên sau nửa giờ ngõỡi trong căn phòng dồng nặắc mùi
page_045_31.jpg,thuốc sát trùng và mùi người Ôm. Tôi ra ngay cửa bệnh
page_045_32.jpg,"viện. Ở đây có một dãy quán bán cơm bĩnh đản, phở,"
page_045_33.jpg,"bún, bánh cuốn và các thứ bánh gói là lân Hoa quả ,"
page_045_34.jpg,4—1753
page_046_01.jpg,GCơm phở ở đây nồi tiếng bần và đắt. Tôi ăn bai chiếc
page_046_02.jpg,"bánh chưng. Hồi đó, năm hào một,chiếc bánh chưng"
page_046_03.jpg,"to bằng miệng bát cơm, nhân đậu xanh thịt nạc thịt nmỡ"
page_046_04.jpg,bẵn hoi. Tôi ăn hai chiếc bánh xong đã no căng bụng.
page_046_05.jpg,Mua thêm hai chiếc kẹo bột lớn nữa mới hết đồng mốt.
page_046_06.jpg,"Gòn hai đồng chín, tôi giữ lại, vào bếp ăn bệnh viện"
page_046_07.jpg,uống nước nhờ. Nghĩ tới cảnh vào lại phòng bệnh
page_046_08.jpg,"nặng, tôi sởn gai ốc... Nhưng dẫu sao, cũng không thề"
page_046_09.jpg,"đề Ly nẵằm đỏó một mình. Tôi thu hết fcan đảm, không"
page_046_10.jpg,nghĩ tới những cặp mắt trắng như mắt cá chết nhìn
page_046_11.jpg,"tốt, hồng hào vẫn ngồi đan. Thấy cô, tôi sung sướng"
page_046_12.jpg,"bơn cả khi thấy mẹ tôi về chợ. Tôi buông màn, rúc vào"
page_046_13.jpg,"nẵằm cạnh I,y rồi ngủ đi lúc nào không biết."
page_046_14.jpg,"Sởớm hôm sau, người đánh thức tôi không phảối cô ÿ"
page_046_15.jpg,
page_046_16.jpg,đồi mồi:
page_046_17.jpg,"— Này, con búẨ bê nhà ai rơi vào phòng bệnh thế ?"
page_046_18.jpg,Ông hỏi. Bàn tay trắng nõn như tay thiếu nữ vuốt
page_046_19.jpg,"má tôi. Tôi ngồi đậy, ngơ ngác nhìn gương mặt nửa"
page_046_20.jpg,"hiền, nửữa nghiêm của ông,"
page_046_21.jpg,— Cháu lạc từ tủ kiính nào đến đây vậy ?
page_046_22.jpg,Người đàn ông đeo kinh trắng nhắc lại. Tôi giụi mắất
page_046_23.jpg,eho tỉnh ngủ rồi trả lời ông rằng tôi là bạn cùng lớp
page_046_24.jpg,cậu bé đang năm mê mệột trên giường. Tôi đã nhận
page_046_25.jpg,lời ở đây trông cậu ta trước thầy chủ nhiệm. Vì thế tôi
page_046_26.jpg,pbải thực hiện đúng điều đó...
page_046_27.jpg,
page_046_28.jpg,Người lạ — tôi đoán là ông bác sĩ kéo dài tiếng Ô
page_046_29.jpg,gình ngạc rỒi vÕ vai tôi
page_046_30.jpg,
page_047_01.jpg,Tôi nóng bừng mặt lên. Tôi không thích người ta
page_047_02.jpg,"khen ngợi tôi như thế, nhất là trước đám đông. Những"
page_047_03.jpg,người bệnh trong phòng giương mắt nhìn trửng trửng
page_047_04.jpg,Vào mặt tôi. Còn hai cô v tá đi theo ông bác sĩ thì cứ
page_047_05.jpg,"tủm tỉm cười. Tuy nhiên, vẻ mặt ông ấy thật đôn hậu"
page_047_06.jpg,"nên tôi không nỡ ác cầm. Ngược lại, tôi thích đôi mắt"
page_047_07.jpg,"đen long lanh của ông sau cặp kính dày, những ngón"
page_047_08.jpg,"tay hồng hồng sạch sẽ, và chiếc cồ áo sơ mi kẻ ô nhỏ"
page_047_09.jpg,"lên trên cỗ áo bờ-lu. Vì thế, sau khi khám bệnh và"
page_047_10.jpg,"cho đơn thuốc, ông gọi tôi tới phòng ông chơi, tôi liên"
page_047_11.jpg,đi ngay:
page_047_12.jpg,Phòng ông ở cũng sạch sẽ như ông vậy. Tường quết
page_047_13.jpg,"VỎI màu cầm thạch non, treo những bức tranh phong"
page_047_14.jpg,"cảnh và dây vạn niêện thanh lá lốm đÓm trăng,"
page_047_15.jpg,"— Cháu ăn kẹo nhé. Khi nào trực đêm, chú phải có"
page_047_16.jpg,"hộp kẹo trên bàn... Nào, ăn đi cô bé, đừng lắm"
page_047_17.jpg,"nhự người lớn thế, chẳng đúng điện tế nào đấu.,ÿ"
page_047_18.jpg,Ông bác sĩ dốc những viên kẹeo đủ màu sắclên Tột
page_047_19.jpg,chiếc đĩa sử trắng trên bàn. Keo thật ngon. Bên trong
page_047_20.jpg,"lớp vỏ đường, ruột kẹo trong suốt, doi và thơm như"
page_047_21.jpg,"mứt quất vậy. Ông bác 3ĩ ngöi đếi diện với tôi,"
page_047_22.jpg,cũng nhón kẹo ăn ngon lành như tôi và uống nước chẻ
page_047_23.jpg,"từng ngụm nhỏ, Mắt ông rất sáng và tràn ngập niềm"
page_047_24.jpg,"trìu mến. Chúng tôi nói chuyện 'thật dễ chiu, Câu"
page_047_25.jpg,"chuyện đang vui, tôi chợt nhớ tới Ly và ân hận đã đề"
page_047_26.jpg,"nỏ một mình. Biết đâu, khi tôi ngồi đây nó đã chẳng"
page_047_27.jpg,"tỉnh cơn mrCê, thức dậy. Tôi bỏ rơi viên kẹo trên tay"
page_047_28.jpg,
page_047_29.jpg,— Cháu về đây.
page_047_30.jpg,"Ông bắc sĩ ngước mắt nhìn tôi, ngạc nhiên :"
page_047_31.jpg,— Sao vậy ?
page_047_32.jpg,— Cháu xin phép chú... Gó thê bạn cháu thức đậy rồi.
page_047_33.jpg,
page_048_01.jpg,"Tôi giải thích và không kíp chờ ông đáp lại, chạy"
page_048_02.jpg,"luôn, Ông bác sĩ đứng dậy đi theo tôi. Tới chỗ ngoặt,"
page_048_03.jpg,tôi còn thấy bàn tay trắng nön của ông giơ lên:
page_048_04.jpg,
page_048_05.jpg,"Tiếng ông vang tới tận cuối hành lang, ấm và êm"
page_048_06.jpg,"ĩu, Sau này, tôi không bao giờ còn gặp lại ông. Nhưng"
page_048_07.jpg,tôi vẫn nhớ tới ông với một ấn tượng hoàn hảo. Và
page_048_08.jpg,"tôi cứ tiín rằng, tất cả những bác sĩ thật sự"
page_048_09.jpg,"đều có gương mặt đẹp, tâm hồn dịu dàng, đôi mắt đen"
page_048_10.jpg,lơng lanh sau kinh và hai bàn tay thiều nữ...
page_048_11.jpg,Tôi vừa bước vào phòng bệnh đã thấy Ly mở mắt
page_048_12.jpg,"thao láo nhìn mình, Nó đã tỉnh. Chưa kip hỏi han cậu"
page_048_13.jpg,"bé thì một người đàn ông béo sốö sẽ như đàn bà chửữa,"
page_048_14.jpg,"đầu hói, tóc lưa thưa bước vào,., Một tay ông ta cầm"
page_048_15.jpg,"cuốn vỡở kể ô, tay kiía cềm bút chỉ gõ gõ vào tấm bằảng"
page_048_16.jpg,
page_048_17.jpg,"—Gitờng số 6, bệnh nhân mới ăn ø1 ?"
page_048_18.jpg,"Giọng ông ta cấm cầu. Tờôi và Iy nhìn nhau,"
page_048_19.jpg,- ÁĂngi?
page_048_20.jpg,"Ông tả nhắc lại, nghe khó chiu bơn. I thì thầm:"
page_048_21.jpg,Chãu:.. ấn cháảo q...
page_048_22.jpg,— Ăn mấy ngày?
page_048_23.jpg,Dạ...
page_048_24.jpg,"Quả tình, chúng tôi cũng không hiều phải báo ăn"
page_048_25.jpg,mmấy ngày ở đây. Ông béo nhắn mặt gõ cây bút chì
page_048_26.jpg,Yăðãxli cach máặnh hơờn nưữ
page_048_27.jpg,"- Ăn mãy ngày thì phải bảo mau cễ tôi ghi số,"
page_048_28.jpg,Tôi đáp liều :
page_048_29.jpg,Ba ngày a.
page_048_30.jpg,"đồng tư, nộp tiên mau."
page_048_31.jpg,
page_049_01.jpg,"Xxu nào trong túi đân... Tôi vội vã mở kim băng, lấ"
page_049_02.jpg,tiền giao cho người quản lý. Ông ta đút ngay vào trong
page_049_03.jpg,"may-=ô rồi đí ra. Lúc ấy, tôi mới ngồi lo, Gia tài còn"
page_049_04.jpg,m hào. Cả tôi và Ly đều đói Thằng bé
page_049_05.jpg,"nhìn ăn nhịn uống cổ ngày qua, mà cháo viện thì tới"
page_049_06.jpg,"mười giờ trưa mới có. Suy di tính lại, tôi ra cửa"
page_049_07.jpg,"bệnh viện mua cho Ly một túm chuối ba hào, mua cho"
page_049_08.jpg,"mình một hào sắn luộc. Gòn lại một hào, tôi giao cho"
page_049_09.jpg,Ly giữ.
page_049_10.jpg,- Án chuối rồi ngủ đi nhé. Tớ ra đẳng này một chốc.
page_049_11.jpg,"Muốn tè, cúi xuống lấy bô. Đừng ra gió mà ngã chết."
page_049_12.jpg,"Ly gật đầu ngoan ngoẩn,"
page_049_13.jpg,"Tôi ăn sắn xong, hãăm hở lên đường. Tôi đã nghĩ"
page_049_14.jpg,"được kế rồi. Bệnh viện này nằm trên ngọn đồi, xung"
page_049_15.jpg,quanh là đồng lúa. Tử đây về thị trấn mười bảy cây
page_049_16.jpg,"SỐ, về trường mười lăm cây số, nhưng tới chùa Đông"
page_049_17.jpg,Na chỉ hơn ba cây. Chùa Đông Na là nơi chủng tôi
page_049_18.jpg,thường rủ nhau tới chơi ngày chủ nhật Ở đó có một
page_049_19.jpg,"khu vườn um tùàùm, không biết cơ maán nào là ỗi. Ngoài"
page_049_20.jpg,"ra còn hai cây khế ngọt, hơn rmột chục gốc na và hai"
page_049_21.jpg,"chục cây đu đủ. ĐBà vãi chùa ngoài bốn mươi tuôi, mặt"
page_049_22.jpg,"tròn trặn, phúc hậu. Lần nào chúng tôi đến chơi, bà"
page_049_23.jpg,"cũng thôi cơm cho chúng tôi ăn, bái quả chín cho"
page_049_24.jpg,"chúng tôi đem về làm quà. Gơm của bà dẻo như bún,"
page_049_25.jpg,"thơm phức. Chỉ ăn với tương, với đưa cũng thật là"
page_049_26.jpg,ngon. Mà miệng bà cười thì tươi ơi là tươi:
page_049_27.jpg,— Gác cháu lên chơi vui quả. Mọi ngày quanh đi
page_049_28.jpg,"quanh lại chỉ cò một mình. Ra quết sản chùa, vào nhặt"
page_049_29.jpg,"hoa lan rụng, buồn như chấu căn..."
page_049_30.jpg,"Bà nói với chúng tôi như vậy, kèm theo một lời mời:"
page_049_31.jpg,
page_049_32.jpg,"Về phần chúng tới, mỗi lần lên chùa, chúng tôi đem"
page_049_33.jpg,"theo những món guà lặt vặt: những cây nến thấp, vài"
page_049_34.jpg,"bao mrơaị Sg; một cuộn chỉ với bao kim khâu, những"
page_050_01.jpg,"bộ khuy áo dài lẫn mấy chiếc cúc bấm, một lít dầu"
page_050_02.jpg,"thầp đèn, một gói bánh... Bà vãi nhận những món quà"
page_050_03.jpg,"đó với một nụ cười chân thật, khiến lũ tôi vui sưởng"
page_050_04.jpg,"lãng lãng. Và chúng tôi ríu rỉt quanh vạt áo nâu của bà,"
page_050_05.jpg,thấy gần gũ với tất c những gì có trên trái đời ấy:
page_050_06.jpg,"ngôi chùa nhỏ cũ kỹ, những bức tường loang lồ rêu,"
page_050_07.jpg,"cải cảnh công gỗ kêu cọt kẹt, khu vườn loang loáng ánh"
page_050_08.jpg,năng chenbóng lá và những con chim nhây nhóttrên cành
page_050_09.jpg,"cao, thỉnh thoảng lại vất đuôi ỉa toạt xuống, nhiều khíi"
page_050_10.jpg,dũúnđ vao đâu Chúng tôi
page_050_11.jpg,"Hăm hở lên đường, tôỏi vui sướng khi nghĩ tới ngôi"
page_050_12.jpg,chùa thân yêu sắp tới: gÀlinH sẽ ăn cơm chay với bà
page_050_13.jpg,vãi. Rồi mình hái đem về cho Ly vài trái đu đủ chín.
page_050_14.jpg,Nếu trong chum gạo có na rấm nữa thì tuyệt... »
page_050_15.jpg,"Tôi đếW chùa, vừa lúc trời nẵng gất. Mồ hỏi thấm"
page_050_16.jpg,"vào Iưngáo, nhớp nháp. Hai công chùa rmơ toang nhưng"
page_050_17.jpg,"không thấy bóng người. Tôi vào sân, cất tiếng gọi"
page_050_18.jpg,
page_050_19.jpg,"Tiếng gọoiđập vào tưởng, ngân npga, Không có tiếng"
page_050_20.jpg,"ai trả lời, H 5à1môt lũ chim kếu lích chích trên cành."
page_050_21.jpg,"'Tối và nấ3, sục khắp vườn cũng chẳng thấy bà vãi"
page_050_22.jpg,"đâu. Trước cửa dấy phà ngang, cỏ hai nong bột phơi"
page_050_23.jpg,"trắng xóa, một churä tương mới ngà đậy vải màn Yà"
page_050_24.jpg,rmột túm tôi treo Lrên đây song căng sát hàng hiền. Đã
page_050_25.jpg,"hơn ba tháng chúng tôi không lên chùa, kê tử ngày xây"
page_050_26.jpg,"ra vụ mãt tích Dũng còm, rồi chuyến phiêu lưu kỹỳ di"
page_050_27.jpg,trên đảo Hoa Vàng mà dân thị trấn xôn xao bàn tán
page_050_28.jpg,„ Tôi cất tiếng gọi thêm vài lượt nữa. Sau củng›
page_050_29.jpg,"không còn hy vọng, tôi tìm hòn gạch viết lên sân chùa."
page_050_30.jpg,Cháu đến chơi nhưng bà đi pắng.
page_050_31.jpg,Cháu hái mũu quả đu đủ chín cho đứa bạn Ốm.
page_050_32.jpg,"Khi nào rõi, chúng cháu sẽ lên thăm bàò,"
page_050_33.jpg,"XXÚ tên › Cháu Bềê,"
page_050_34.jpg,
